,name,id,category_id,category,lat,lng,location.distance
0,Praia da Marambaia,4e3ebcf845dd68e3274a3c5c,4bf58dd8d48988d1e2941735,Beach,-23.060412763934778,-43.568210532905816,2086
1,kubanakan,502e8999e4b0d68f3749bc32,4bf58dd8d48988d1e2941735,Beach,-23.050705027201964,-43.57669887717115,806
2,Praia de Grumari,4cf40a437e93f04df4685b69,4bf58dd8d48988d1e2941735,Beach,-23.05073027543881,-43.535674810409546,4989
3,Praia do Perigoso,4d173d65cc216ea86fe56dd3,4bf58dd8d48988d1e2941735,Beach,-23.071861389748722,-43.55258140450507,4132
4,Praia da Barra de Guaratiba,4cf14348899c6ea8b079efc1,4bf58dd8d48988d1e2941735,Beach,-23.067355912526335,-43.56753478106047,2674
5,Quiosque Do Xuxa,56d1aff5cd10d7d59cd044bc,4bf58dd8d48988d1e3941735,Surf Spot,-23.048199,-43.524757,6104
6,Praia Funda,4d172966cc216ea8e55f6dd3,4bf58dd8d48988d1e2941735,Beach,-23.06190517606719,-43.54907512664794,3889
7,Praia do Meio,4d173a04bb64224bbdf1be65,4bf58dd8d48988d1e2941735,Beach,-23.066584143326264,-43.55128526687622,3913
8,Praia do Inferno,569119e4498ea89885dc7098,4bf58dd8d48988d1e2941735,Beach,-23.062394,-43.549469,3872
9,Trilha das Praias da Ponta de Guaratiba,4feb1662011cb5f5fe08f449,4bf58dd8d48988d159941735,Trail,-23.07161829347001,-43.567593097686775,3050
10,clube do mangue,55cf80e2498e1c59087eb0ab,4bf58dd8d48988d1e3941735,Surf Spot,-23.056215293057985,-43.559335860158825,2685
11,Módulo Sol e Mar - V Jamboree Nacional,50057fffe4b06a37b1ea6915,4bf58dd8d48988d1e2941735,Beach,-23.051465,-43.536234,4935
12,casa da dudão,57c34c5c498edc7bddaf9b13,4bf58dd8d48988d1e2941735,Beach,-23.057214000000002,-43.573705,1425
13,Recreio Beach,57278d35498e31b01c70d373,4bf58dd8d48988d1e2941735,Beach,-23.031843,-43.469770000000004,5646
14,Praia do Pontal,5606bddd498e866db86edc19,4bf58dd8d48988d1e3941735,Surf Spot,-23.031135199564034,-43.47664179517311,4963
15,Praia da Macumba,4c30770d452620a1eb251f0f,4bf58dd8d48988d1e2941735,Beach,-23.03112657016924,-43.479260396639106,4700
16,Posto 12,4e8701c6e5fa86b7cb9af641,52e81612bcbc57f1066b7a28,Bathing Area,-23.03247528499376,-43.47132861614227,5478
17,Pontal do Recreio,4ded274518386e85e0a70fad,4bf58dd8d48988d1e2941735,Beach,-23.02982758772045,-43.472085945299256,5449
18,Posto 11,4e04af3b1f6e97fbec33515f,52e81612bcbc57f1066b7a28,Bathing Area,-23.02897328653084,-43.467510867929185,5927
19,Prainha,4b82d4ebf964a520dee730e3,4bf58dd8d48988d1e2941735,Beach,-23.040383757898663,-43.504795084929675,2008
20,Posto 12 / Praia,50dfa7dae4b0bb7add627d9b,4bf58dd8d48988d1e3941735,Surf Spot,-23.029449306095447,-43.470256905383536,5641
21,Pier Palmas,535c1ac3498e1f5941287cfd,4bf58dd8d48988d1e3941735,Surf Spot,-23.06449890136719,-43.50827407836914,3284
22,Praia 2,535c1c07498ee8960cee0a49,4bf58dd8d48988d1e2941735,Beach,-23.05282020568848,-43.50801849365234,2274
23,Ong O'surf,4fad717ce4b0cf5ea1271edf,4bf58dd8d48988d1e3941735,Surf Spot,-23.02924274887733,-43.477840633474315,4885
24,Tenda do Ben10,5300d410498e6b340af241ec,4bf58dd8d48988d1e2941735,Beach,-23.035703659057614,-43.49348068237305,3182
25,Costa Sul Palmas,535c1b0e498ebbfcfccaee1b,4bf58dd8d48988d1e2941735,Beach,-23.065828323364254,-43.51180648803711,3254
26,Praia 3,535c1c5b498ed75d3d6d480a,4bf58dd8d48988d1e2941735,Beach,-23.054058074951172,-43.50939178466797,2273
27,Buraco da Velha,54b5dccc498e4e9338d85ca8,4bf58dd8d48988d1e2941735,Beach,-23.038068771362305,-43.4702377319336,5543
28,Praia dos Nogueira,4ded0fccae60a6bd3897fa68,4bf58dd8d48988d1e2941735,Beach,-23.03093469909081,-43.47584556920615,5048
29,House Dos Surfistinhas,5aa6ef513af9886e3e7321cc,4bf58dd8d48988d1e3941735,Surf Spot,-23.03073,-43.483677,4265
30,Posto 3.8,54a83aac498eb4b58db9d58d,4bf58dd8d48988d1e3941735,Surf Spot,-23.033019092439428,-43.484694611117135,4115
31,Escola De Surf Jeronimo Telles,4f5c9a6ee4b0a61f4c25d370,4bf58dd8d48988d1e2941735,Beach,-23.031680404506826,-43.47012398725344,5613
32,Budweiser Luau Lounge,54a480af498e9be465ce987e,4bf58dd8d48988d1e2941735,Beach,-23.03396917078365,-43.49107294190073,3453
33,Praia Naturista de Abricó,4cadd64d0e7bbfb7218b5b83,52e81612bcbc57f1066b7a30,Nudist Beach,-23.04786362090388,-43.512669501800815,1552
34,Praia do Secreto,52fb7bed498eb67d3b0ead1e,4bf58dd8d48988d1e2941735,Beach,-23.026900564875678,-43.48736449132245,4019
35,Grumari Beach Garden,4ec973a630f8b09c0e5249b3,4bf58dd8d48988d171941735,Event Space,-23.031302761977983,-43.48415873754938,4204
36,Praiao do Recreio,57ab3e57498e524e428f9f55,4bf58dd8d48988d1e2941735,Beach,-23.032505,-43.47123,5488
37,Escola de Surf do Franklin,5173eb0fe4b068d04f6fddb6,4bf58dd8d48988d1e3941735,Surf Spot,-23.03249623402705,-43.470877564020356,5524
38,praia pontal,55f324eb498e775a026de7a2,52e81612bcbc57f1066b7a30,Nudist Beach,-23.022764404180823,-43.49114814208329,3849
39,Ponta da Praia,541b7aef498e32acec5bf50f,4bf58dd8d48988d1e2941735,Beach,-23.030923725911606,-43.472325737305376,5403
40,Udo Bastos - Shaper,4e986f59b8f75c533f4f1013,4bf58dd8d48988d1e2941735,Beach,-23.03163784199255,-43.48369806967621,4242
41,Ilha 4,4f197294e4b02a5a23fd8dd7,52e81612bcbc57f1066b7a28,Bathing Area,-23.01912430704834,-43.47752776296361,5280
42,Beach Place,5aee0dfee1f0aa002c07b482,4bf58dd8d48988d1e2941735,Beach,-23.032019000000002,-43.48213,4392
43,Quiosque Jackson five,5198fa26498e8d40a553f345,4bf58dd8d48988d1e2941735,Beach,-23.02886149509167,-43.46658921855082,6022
44,Praia do Roncador,54721f2a498ec73711510d59,4bf58dd8d48988d1e2941735,Beach,-23.037449141802238,-43.499245593823844,2576
45,Paraiso No Atlântico,4d4eb3a08975a35d5d5a11a8,4bf58dd8d48988d1e2941735,Beach,-23.032125742703272,-43.48329850733962,4273
46,Praia do Recreio dos Bandeirantes,4c546352479fc928de7a1093,4bf58dd8d48988d1e2941735,Beach,-23.01817708292436,-43.45160680614319,1773
47,Praia da Reserva,4bcb0273cc8cd13a108abecf,4bf58dd8d48988d1e2941735,Beach,-23.01812822721951,-43.42706680297852,4004
48,Posto 9,4cd0b13d3e63721ef3c09fcc,52e81612bcbc57f1066b7a28,Bathing Area,-23.023006200682,-43.448827564716,1722
49,Posto 10,4dfe1d4bc65b31579b33dccc,52e81612bcbc57f1066b7a28,Bathing Area,-23.025759,-43.459276,629
50,Ilha 6,52c4075211d25b54b9e88abd,52e81612bcbc57f1066b7a28,Bathing Area,-23.02383563610569,-43.45212936401367,1375
51,Quiosque Betão,5275091411d230003b61a501,4bf58dd8d48988d1e2941735,Beach,-23.0172298670294,-43.466191311094896,1319
52,Point Barra Bali,4e6b552d1f6e1e74e49c3150,4bf58dd8d48988d1e2941735,Beach,-23.020173177995357,-43.43526644374614,3135
53,Quiosque do domingos,4ff055cbe4b00b9a29213b1a,4bf58dd8d48988d1e2941735,Beach,-23.026361333484157,-43.460377043281774,499
54,Ilha 9,52592a60498e76780279b65e,52e81612bcbc57f1066b7a28,Bathing Area,-23.021618792208557,-43.44225336502821,2406
55,Ilha 3,4eb41017991165b761cdca14,52e81612bcbc57f1066b7a28,Bathing Area,-23.020034430002504,-43.435075510777494,3158
56,manta beach club,5e3ed0af346b7c0008e9104f,52e81612bcbc57f1066b7a0d,Beach Bar,-23.021055,-43.4408,2567
57,Quintal de Casa - Posto 10 - Recreio,5428202b498e2a150825c597,4bf58dd8d48988d1e2941735,Beach,-23.01406151220675,-43.454483928254454,1942
58,Pôr do Sol na Praia da Reserva,56afc9cd498eb1313628abfa,4bf58dd8d48988d1e2941735,Beach,-23.01460035961966,-43.44665201055631,2417
59,Barraca do Bruno,52c84912498e94aeb9e67bb0,4bf58dd8d48988d1e2941735,Beach,-23.02197,-43.442832,2337
60,Ilha 2,4f203b2ee4b0294b3578517d,52e81612bcbc57f1066b7a28,Bathing Area,-23.020664663528237,-43.43727708164221,2922
61,Ilha 7,4f40d346e4b0e4082533040c,52e81612bcbc57f1066b7a28,Bathing Area,-23.01588993105452,-43.411456648949994,5610
62,Barraca do Rui,4f087278e4b0803b68cad15d,4bf58dd8d48988d1e2941735,Beach,-23.02160017905032,-43.44175937516056,2454
63,Fraga's Resort Carioca,51655811e4b093be39e84865,4bf58dd8d48988d1e2941735,Beach,-23.015589000000002,-43.453013,1887
64,Balsa Barra Bali,51ed4fa2498e68c49edc8de3,4bf58dd8d48988d1e2941735,Beach,-23.015581975376893,-43.43711092517733,3162
65,Quiosque do Marquinhos,53e3d58f498e93b8469588c6,4bf58dd8d48988d1e3941735,Surf Spot,-23.025335000000002,-43.45702,852
66,Praia do Sindicato,50e03815e4b019f641533b88,4bf58dd8d48988d1e2941735,Beach,-23.025271583166308,-43.45855697788014,721
67,Recreioland,5352ead4498eaec59563a7a5,4bf58dd8d48988d1e2941735,Beach,-23.012253110940446,-43.44404109682552,2790
68,Praia Dos Amigos,4ebc3915f5b9e505b78337f0,4bf58dd8d48988d1e2941735,Beach,-23.01946927463206,-43.433454905478115,3336
69,Barraca Da Prisca E Dino,50e87844e4b04fa5661e9140,4bf58dd8d48988d1e2941735,Beach,-23.025492,-43.456609,881
70,Barraca da Célia e Wanderlei,56a7b295498e7aee64550350,4bf58dd8d48988d1e2941735,Beach,-23.02412519029555,-43.452983494340714,1282
71,Barraca do João - Gláucio Gil,5014012fe4b0649cc1bf28ee,4bf58dd8d48988d1e3941735,Surf Spot,-23.025413513183594,-43.45620727539063,922
72,Barraca da Nice e do Sérgio,4f05c8eb6c25095787255503,4bf58dd8d48988d1e2941735,Beach,-23.026644,-43.45991,522
73,Laje!,4eba83dde5faa18936514906,4bf58dd8d48988d1e3941735,Surf Spot,-23.014850270089298,-43.4056330600956,476
74,Posto 8,4e63765c1f6ef7d07b230ac5,52e81612bcbc57f1066b7a28,Bathing Area,-23.010690280758524,-43.36621059932269,4014
75,Praia do Alfa Barra,4ed65bfb4690ad261cca81ff,4bf58dd8d48988d1e2941735,Beach,-23.010830580439738,-43.36536717380999,4094
76,Posto 7,4d29b4f6342d6dcbdcb305cb,52e81612bcbc57f1066b7a28,Bathing Area,-23.010342065154266,-43.35345403245964,5301
77,Balsa da Praia - Cidade Jardim,4e4e4d66b0fb088f3c0ad82f,4bf58dd8d48988d1e2941735,Beach,-23.00578839359446,-43.37184092376716,3638
78,"Interditaram a reserva, me fodi",5456b993498ee281f06aaeec,4bf58dd8d48988d1e2941735,Beach,-23.012607,-43.388703,1751
79,Alfa Barrels,4d46ae5d2e326ea85476f9a6,4bf58dd8d48988d1e3941735,Surf Spot,-23.008609,-43.36695,4000
80,Praia Flotilha Barravela,4c1ce2f263750f475e38b767,4bf58dd8d48988d1e2941735,Beach,-23.007404966666666,-43.385608000000005,2310
81,Um super cantinho de praia,52e530d8498e7a475cbe2414,4bf58dd8d48988d1e2941735,Beach,-23.010908999999998,-43.357834999999994,4848
82,Quiosque Progresso,4f46db18e4b0291e468e1b5c,4bf58dd8d48988d1e2941735,Beach,-23.011129007057228,-43.366262429475654,3997
83,Ilha 26,567e891d498ec1c97feb61d4,52e81612bcbc57f1066b7a28,Bathing Area,-23.011396314700228,-43.374363055718504,3185
84,Praia Das Conchas,4d173fcf8312236a9aa95cba,4bf58dd8d48988d1e2941735,Beach,-23.00990314562472,-43.36675245735089,3981
85,Barraca da Carol 7/263,566aca2d498e58d3ab36e83e,4bf58dd8d48988d1e2941735,Beach,-23.01023192146129,-43.351762022650455,5474
86,Ilha 23,50f302e8e4b0c18c99aa0248,52e81612bcbc57f1066b7a28,Bathing Area,-23.0123625470921,-43.38115174749298,2487
87,Beach Training O Seu Personal - Posto 7,5268443d11d239ab8cad0bbf,4bf58dd8d48988d1e2941735,Beach,-23.010541164153047,-43.34960333077378,5686
88,Ilha 11,5055d8bce4b096ad9a2b742a,52e81612bcbc57f1066b7a28,Bathing Area,-23.014394888049907,-43.40110836268148,607
89,Praia,53c40a39498eaf5578188454,4bf58dd8d48988d1e2941735,Beach,-23.010512664190067,-43.355621983479956,5079
90,Praia da Reserva- Ilha 15,57b359b1498e16529c216262,4bf58dd8d48988d1e2941735,Beach,-23.01303,-43.394447,1210
91,Ilha 19,522c61ed11d2740ea8d1d85d,52e81612bcbc57f1066b7a28,Bathing Area,-23.012620320747253,-43.385322848608304,2072
92,Mandaka Beach Break,4e060bb6b0fbba5eee12fe26,4bf58dd8d48988d1e2941735,Beach,-23.011616084526736,-43.37499268559288,3116
93,Ilha 18,50117001e4b0c3490d1524ca,52e81612bcbc57f1066b7a28,Bathing Area,-23.013021382943037,-43.38917079328756,1689
94,"Posto 6,5",53de8d55498ec77445dd0d93,52e81612bcbc57f1066b7a28,Bathing Area,-23.01065433235221,-43.36163519815722,4472
95,Escritorio Da Praia,4d0e322ebdbfa35d04b76d72,4bf58dd8d48988d1e2941735,Beach,-23.010685172508374,-43.358001908222256,4836
96,Ilha 13 - 14,4db2e1900437fa536a05ee7d,52e81612bcbc57f1066b7a28,Bathing Area,-23.013985163736162,-43.39754090058703,890
97,Posto 6,4ea6c2cd823194acfbd3ca2d,52e81612bcbc57f1066b7a28,Bathing Area,-23.01030045245029,-43.34427690132271,148
98,Praia da Barra da Tijuca,4bacae95f964a5205b033be3,4bf58dd8d48988d1e2941735,Beach,-23.01065387034381,-43.34446074331073,188
99,Posto 5,4d5e3a97b19fa14399b5d6c8,52e81612bcbc57f1066b7a28,Bathing Area,-23.01062905957395,-43.33226442490156,1251
100,Beach,4d678007a800721e87ec0fb8,4bf58dd8d48988d1e2941735,Beach,-23.010293363182136,-43.324998020699724,1987
101,Praia Jardim Oceânico,4f3fda76e4b08b247251e9b1,4bf58dd8d48988d1e2941735,Beach,-23.01308560845511,-43.31729193193865,2809
102,barra beach,552ec928498eca93a5a5f80d,4bf58dd8d48988d1e2941735,Beach,-23.012588558485565,-43.32366816852117,2156
103,"Posto 5,5",518fac22498efe07a8108631,52e81612bcbc57f1066b7a28,Bathing Area,-23.008232704172016,-43.33965368242146,487
104,Praia da Gigóia,53c68ed9498e90ae4ccb057e,4bf58dd8d48988d1e2941735,Beach,-23.014623999999998,-43.314248,3147
105,Posto 2,4b5739a6f964a520f82b28e3,52e81612bcbc57f1066b7a28,Bathing Area,-23.01490835920362,-43.309287472340564,3652
106,Quebra-mar,4cf388ce899c6ea805f1fbc1,4bf58dd8d48988d1e2941735,Beach,-23.014432723546392,-43.29793186697805,4794
107,Praia Linda,4b058720f964a520088122e3,4bf58dd8d48988d1e2941735,Beach,-23.014130999160468,-43.313131848224096,3249
108,Praia da Barra Posto 2/3,57fe46e3498eb92c2364b917,4bf58dd8d48988d1e2941735,Beach,-23.010733485131837,-43.319749400921324,2527
109,Posto 3,4d6fd55bb73bb1f70c94b072,52e81612bcbc57f1066b7a28,Bathing Area,-23.012914327713013,-43.319714069366455,2561
110,Deck da Barra,4cf17497e3b9a093f6cb3e53,4bf58dd8d48988d1e2941735,Beach,-23.01553642255831,-43.29772729932892,4831
111,Praia dos Amores,4da1e384b521224b77e9fded,4bf58dd8d48988d1e2941735,Beach,-23.013336954303718,-43.296020130287374,4975
112,Posto 1,4ce5033ae571a09387c48787,52e81612bcbc57f1066b7a28,Bathing Area,-23.01440327883256,-43.299333175752075,4651
113,Ponte Quebramar,4cd4927467c7236a7e0f0e77,4bf58dd8d48988d1e2941735,Beach,-23.014227194400643,-43.29813003423669,4771
114,Lagoa Azul,4d0d5e5cd515236ab8fa0c4b,4bf58dd8d48988d1e2941735,Beach,-23.010174782241787,-43.30201301055188,4339
115,Billabong Rio Pro Store - Barra,4dc6e2b2d164eb9ca0131bd6,4bf58dd8d48988d1e3941735,Surf Spot,-23.011758313043256,-43.32651646113117,1852
116,Colônia de Férias da Marê,4f9eb07fe4b07e720f4e4984,4bf58dd8d48988d1e3941735,Surf Spot,-23.013242853601604,-43.30280089243227,4283
117,Barraca Do Vampeta,522a100411d24abd6e20086d,4bf58dd8d48988d1e2941735,Beach,-23.01399832869165,-43.31309411345492,3250
118,Rede da Selva,50f29e85e4b06fac8420b3fe,4bf58dd8d48988d1e2941735,Beach,-23.012002,-43.326062,1903
119,Barraca do Tuninho,4db045cacda14b702a2f38db,4bf58dd8d48988d1e2941735,Beach,-23.014792,-43.312802000000005,3296
120,Praia do Pepê,4cb49d50cbab236a05adbf73,4bf58dd8d48988d1e2941735,Beach,-23.01455641235545,-43.31129224509345,3443
121,KitePoint Rio,4c7d36ef3b22a1cdef355e9e,4bf58dd8d48988d1e3941735,Surf Spot,-23.01524937245911,-43.30705209061401,3884
122,Quiosque Paco's,51b204c5498e6d1e9c6ae07b,4bf58dd8d48988d1e2941735,Beach,-23.01202242861128,-43.32215907355379,2298
123,Joao Marcello Beach Club,5025af45e4b041e2a621cb47,4bf58dd8d48988d1e2941735,Beach,-23.014706653874956,-43.304305853883704,4151
124,Barraca do Luis,50e319e9e4b0b92a44a70ca3,4bf58dd8d48988d1e3941735,Surf Spot,-23.013367000000002,-43.319938,2548
125,Point do Russo,4e22d0f152b1f82ffbac6437,4bf58dd8d48988d1e2941735,Beach,-23.010948759033862,-43.3316797565768,1316
126,BiAne's Beach,54441b44498edf77daef92da,4bf58dd8d48988d1e2941735,Beach,-23.013234,-43.319811,2558
127,Kitepoint.Rio,4f030cd34690f6eced39e370,4bf58dd8d48988d1e2941735,Beach,-23.015801153693022,-43.306626896919745,3938
128,Marcinho Futvoley,52f3fe51498e098dd8194c08,4bf58dd8d48988d1e2941735,Beach,-23.010839999999998,-43.338992,586
129,Posto 4,4c7a8351794e224b21b26828,52e81612bcbc57f1066b7a28,Bathing Area,-23.01135406860671,-43.327674865722656,1728
130,Barraca Da Marilia,4f8b0420e4b0c71a73329c1a,4bf58dd8d48988d1e2941735,Beach,-23.011669,-43.331956,1304
131,Quiosque Tirreno Beach,508d2fbee4b0d2cf8bbe3b5e,4bf58dd8d48988d1e2941735,Beach,-23.011817999999998,-43.329373,1566
132,Praia do Pepino,4f2d4ae0e4b0bd78b6a516d6,4bf58dd8d48988d1e2941735,Beach,-23.00028870185973,-43.27177162411669,1296
133,Praia de São Conrado,4b058723f964a520b88122e3,4bf58dd8d48988d1e2941735,Beach,-22.999164778680857,-43.26586562791852,1893
134,Praia da Joatinga,4c7a7e3d794e224b9da16828,4bf58dd8d48988d1e2941735,Beach,-23.014600436228193,-43.289240045570075,1811
135,Praia do Vidigal,4f206a26e4b0fa52e52e45f6,4bf58dd8d48988d1e2941735,Beach,-22.992027118844238,-43.23280565096464,5337
136,Billabong Rio Pro,4face997e4b0cd04fff7bab4,4bf58dd8d48988d1e3941735,Surf Spot,-23.01561042034785,-43.307872290261905,3040
137,Barraca Do Alemão,4f424634e4b0d98871c9260f,4bf58dd8d48988d1e2941735,Beach,-23.011916837369494,-43.32841716132175,4740
138,Barraca da Elenice,50bb9222e4b062ae3809e9a4,4bf58dd8d48988d1e2941735,Beach,-23.015101,-43.31152,3313
139,Barraca do Cesinha,4ea989c702d5b8174ee4314a,4bf58dd8d48988d1e2941735,Beach,-23.01488996440577,-43.31284883676141,3416
140,Rede de Beachtennis  Thony Costa,51fbb89d498e91d999c5e1a9,4bf58dd8d48988d1e2941735,Beach,-23.014506,-43.312931,3402
141,Пляжик барра,5117afd9e4b09cd790532d53,4bf58dd8d48988d1e2941735,Beach,-23.012650338093728,-43.320947048674014,4048
142,Barraca do Romarinho,4fc24d5ce4b0bb0732c0e08d,4bf58dd8d48988d1e2941735,Beach,-23.010984,-43.337934999999995,5651
143,Kiosque do Peixe,52806677498e631090a94b5c,4bf58dd8d48988d1c7941735,Snack Place,-23.01128281891275,-43.32710118986493,4590
144,Quiosque do Baixinho - Sao Conrado,4cca0a1f4703ef3b85c56f5c,4bf58dd8d48988d1e2941735,Beach,-22.999452564225354,-43.26502522979557,1980
145,Praia - Barraca Do Zacarias,4ead56ccbe7bd46a7b68e0c3,4bf58dd8d48988d1e2941735,Beach,-23.01462,-43.313895,3493
146,Quiosque da Dalva,4edfde200aafbb3dba2c7597,4bf58dd8d48988d1e2941735,Beach,-23.011800771674274,-43.325073472244995,4411
147,Circuito do Nadaf,52f0b2c2498ed5b0d30881c7,4bf58dd8d48988d1e2941735,Beach,-23.015217,-43.305295,2807
148,Praia dos Milagres - Olinda,51ed1c1c498ee255e932a376,4bf58dd8d48988d1e2941735,Beach,-22.99744415283203,-43.33906555175781,5610
149,Praia do Leblon,4b377d54f964a5206f4125e3,4bf58dd8d48988d1e2941735,Beach,-22.98755294342557,-43.22175979614258,307
150,Praia de Ipanema,4b058724f964a520df8122e3,4bf58dd8d48988d1e2941735,Beach,-22.987276391170784,-43.20178270339966,2319
151,Praia de Copacabana,4b2ff8faf964a520a8f324e3,4bf58dd8d48988d1e2941735,Beach,-22.972440508299727,-43.18343639373779,4578
152,Marimbas,4d8f8df1d00a6ea8f401d24f,4bf58dd8d48988d1e2941735,Beach,-22.986137294235398,-43.188886788446645,3647
153,Barraca do Luciano,4e6b061ee4cdb37551d6f8fa,4bf58dd8d48988d1e2941735,Beach,-22.98739761571123,-43.201917570024726,2304
154,Ponta do Leblon,50e88826e4b0b7b969ac844c,4bf58dd8d48988d1e2941735,Beach,-22.98855927448509,-43.2273829898191,314
155,Barraca Do Rasta,500ae3dde4b0ba42c1e6d197,4bf58dd8d48988d1e2941735,Beach,-22.987364000000003,-43.199889,2512
156,Metta Beach Tennis Ipanema,5e170827a800b1000874ada4,4bf58dd8d48988d1e2941735,Beach,-22.986323000000002,-43.213518,1147
157,Quiosque 9 - Ipanema,54996868498e3a6606693fe7,4bf58dd8d48988d1e2941735,Beach,-22.987298000000003,-43.204260999999995,2066
158,Campeonato Estadual de Handbeach,504350f0e4b09ae79c523b98,4bf58dd8d48988d1e2941735,Beach,-22.974355506548523,-43.18610207610464,4243
159,Praia Do Forte De Copacabana,5a368d17a795bd118f0632dd,4bf58dd8d48988d1e2941735,Beach,-22.985836,-43.18822,3718
160,Barraca do Mário,4f478942e4b0e13228b772a7,4bf58dd8d48988d1e2941735,Beach,-22.974139446374817,-43.186475649794396,4217
161,Lual Arpoador,5247bd68498e5a2f7b1039e3,4bf58dd8d48988d1e2941735,Beach,-22.986533748638788,-43.197076421095474,2807
162,escritorio do ratinho- areias de copacabana,570a7414498ee4f3306ca896,4bf58dd8d48988d1e2941735,Beach,-22.976533,-43.186861,4082
163,Barraca VIP 115,50b0e786e4b0aafa21d4a9e6,4bf58dd8d48988d1e2941735,Beach,-22.973463195054368,-43.184347661329184,4447
164,Barraca da Esmeralda,52ceb1ff11d231765835287f,4bf58dd8d48988d1e2941735,Beach,-22.986361076417236,-43.21184852635432,1312
165,Barraca do Pelé,4b659df4f964a52094f62ae3,4bf58dd8d48988d1e2941735,Beach,-22.987097291284016,-43.20956871567764,1528
166,Quiosque Coisa de Carioca,52dd1a9211d20eaaf23d6053,4bf58dd8d48988d1e2941735,Beach,-22.975532443152794,-43.187176055134366,4091
167,Barraca da Vânia & Junior,4f451df4e4b0d8525ea62254,4bf58dd8d48988d1e2941735,Beach,-22.98739558897388,-43.200783088652365,2420
168,Praia do Diabo,4c30d67c66e40f47cf1ec48b,4bf58dd8d48988d1e2941735,Beach,-22.989587560462763,-43.19071054458618,3447
169,Barraca do Sena,4f5cd6a0e4b0838068a01028,4bf58dd8d48988d1e2941735,Beach,-22.981997,-43.18931,3673
170,Dunas de areia Zebracorn,5224f3ff11d26e5b0f993c32,4bf58dd8d48988d1e2941735,Beach,-22.97009,-43.180659999999996,4945
171,smart sup,54a857e4498e1646d044dbc2,4bf58dd8d48988d1e2941735,Beach,-22.983925,-43.189206,3644
172,Barraca do Leandro,50d5e969e4b0be096d6f05be,4bf58dd8d48988d1e2941735,Beach,-22.988437,-43.193559,3155
173,Caipi Do Mario!,4f4927a9e4b052593b10961b,4bf58dd8d48988d1e2941735,Beach,-22.98751,-43.200832,2414
174,Supcopa,4f099cc2e4b0ca3a5d72b41a,4bf58dd8d48988d1e2941735,Beach,-22.985543647896804,-43.18877850488244,3664
175,Surf Rio,52483f6f498e46821a9dc98c,4bf58dd8d48988d1e3941735,Surf Spot,-22.980149366415414,-43.191927618749276,3463
176,Soul Rio Surf,50f857bae4b0768656e28642,4bf58dd8d48988d1e3941735,Surf Spot,-22.984032172441076,-43.1892277148511,3640
177,Barraca Do Jorge E Da Lourdes,4e073d8d1838eb15af001698,4bf58dd8d48988d1e2941735,Beach,-22.986912947035623,-43.210057196566716,1481
178,Praia do Arpoador,4b058723f964a520c08122e3,4bf58dd8d48988d1e2941735,Beach,-22.987919505901164,-43.19273614323156,3241
179,Quiosque Piraquê,508e78b2e4b04ae5911cdb23,4bf58dd8d48988d1e2941735,Beach,-22.97489102411103,-43.18682084833518,4152
180,FitCamp Copacabana,592e11c5a35dce33d19fce73,4bf58dd8d48988d1e2941735,Beach,-22.969664,-43.181194,4916
181,Barraca Da Jana,4ef0c54202d50bd857a41510,4bf58dd8d48988d1e2941735,Beach,-22.98713493347168,-43.20878219604492,1607
182,Barraca do Alexandre - Point Leblon,511a2d56e4b08a5733595ea8,4bf58dd8d48988d1e2941735,Beach,-22.98825487475615,-43.225288553462896,124
183,Barraca do espedito,4f2d1b4ae4b00ef1a4b93b52,4bf58dd8d48988d1e2941735,Beach,-22.983743539042106,-43.218356329962816,845
184,Guarda Sol 31,4f3e6e2fe4b02787b4204d03,4bf58dd8d48988d1e2941735,Beach,-22.98708,-43.209376,1548
185,Mirante do Leme,4c9e0bef03133704a59564d5,4bf58dd8d48988d1e2941735,Beach,-22.96296327114257,-43.164855833854894,123
186,Ponta do Leme,4dc7cf627d8b14fb4661f6c5,4bf58dd8d48988d1e2941735,Beach,-22.96255706643708,-43.16615205443557,196
187,Praia do Leme,4d0bbdaad823b1f75238eb5c,4bf58dd8d48988d1e2941735,Beach,-22.96411134786515,-43.169643168903406,593
188,Enseada de Botafogo,4b0c163cf964a520a53623e3,4bf58dd8d48988d1e2941735,Beach,-22.947767148881365,-43.18151966195797,2365
189,Praia da Urca,4ba66b58f964a5207b5039e3,4bf58dd8d48988d1e2941735,Beach,-22.947995849186803,-43.16357377268688,1556
190,Praia do Aterro,53c2b33c498eef08d597d247,4bf58dd8d48988d1e2941735,Beach,-22.941781223693685,-43.1785721912858,2678
191,Praia de Dentro,50ba4595e4b048d445a0895d,4bf58dd8d48988d1e2941735,Beach,-22.94382289174635,-43.158184974634075,2115
192,Barraca Do Lima - Leme,4e218959483b041af1ed8472,4bf58dd8d48988d1e2941735,Beach,-22.965246186517035,-43.17063180101707,740
193,Av. Beira Rio,5428bfda498e22b7cfb3908f,4bf58dd8d48988d1e2941735,Beach,-22.90845609166549,-43.17469965252204,6050
194,Praia Adão e Eva,4e462126d164155c0de19443,4bf58dd8d48988d1e2941735,Beach,-22.929441357426768,-43.12239803080736,5621
195,Praia de Fora,4d8e24fb1d06b1f7ea93413b,4bf58dd8d48988d1e2941735,Beach,-22.944857318392614,-43.15598481690868,2088
196,Praia de Botafogo,526c76b7498eb30892cf9d44,4bf58dd8d48988d1e2941735,Beach,-22.947005486101567,-43.18205879114518,2463
197,Barraca da Rosa - Leme,4f1192a6e4b004205478e60e,4bf58dd8d48988d1e2941735,Beach,-22.966190518356427,-43.17299214089122,1003
198,JC Beach Point,50e43855e4b08db5b6f2e44e,4bf58dd8d48988d1e2941735,Beach,-22.96436882019043,-43.16922378540039,567
199,Praia do Flamengo,4b2672ebf964a520ac7b24e3,4bf58dd8d48988d1e2941735,Beach,-22.927942853588096,-43.17081928253174,3844
200,Praia Vermelha,4d31a7c96c7c721e66f9a756,4bf58dd8d48988d1e2941735,Beach,-22.95499018743652,-43.16554652488181,786
201,Brejo Beach,5287b65011d2efaecf70461d,4bf58dd8d48988d1e2941735,Beach,-22.930169436697806,-43.17147377862607,3614
202,Barraca Do Gil,5274331711d20ab19516c209,4bf58dd8d48988d1e2941735,Beach,-22.92485817391389,-43.169737775686386,4167
203,Brejão,509fd8ece4b0307537fcb752,4bf58dd8d48988d1e2941735,Beach,-22.934274004595395,-43.1714217467097,3166
204,Praia De Ipanema,5ab79eeaf427de75cd138166,4bf58dd8d48988d1e2941735,Beach,-22.911552,-43.204677000000004,1163
205,PVV Remo - Urca,52ea08ff498e72abf08bcfec,4bf58dd8d48988d1e2941735,Beach,-22.948242980456552,-43.165489756113246,4946
206,Praias,59bf38510c9f3164ce5bcebe,4bf58dd8d48988d1e2941735,Beach,-22.931182999999997,-43.179504,2567
207,Copacabana,5b674f525d891b002c603f7a,4bf58dd8d48988d1e2941735,Beach,-22.912958,-43.229485,3707
208,Kayak Carioca,5161f667e4b040e21a45be13,4bf58dd8d48988d1e3941735,Surf Spot,-22.94815096334181,-43.163436576018256,5062
209,Tubolandia,508574dce4b059457cf4e4a2,4bf58dd8d48988d1e3941735,Surf Spot,-22.93979962572412,-43.197014960078135,3121
210,Praia Grande - Fortaleza de São João,51583dd9e4b03e8defed47f2,4bf58dd8d48988d1e2941735,Beach,-22.94414901475498,-43.156245055622946,5225
211,Bikini Bottom,4d4efc41db1b370417b4131f,4bf58dd8d48988d1e2941735,Beach,-22.896576263539625,-43.153953552246094,4387
212,Barraca Ponto de Encontro n• 57,4f3d4a95e4b030292b5f84ff,4bf58dd8d48988d1e2941735,Beach,-22.930254,-43.171439,3031
213,Praia Laranjeira,4ddd2f1145ddaa53edb9d07c,4bf58dd8d48988d1e2941735,Beach,-22.952038297403348,-43.194310601008624,4462
214,Praia Do Flamengo Calango Beach Tennis,5a7ecfeaf193c02a48006bb9,4bf58dd8d48988d1e2941735,Beach,-22.930224,-43.172475,2951
215,Barco só lazer,52482242498e107873bf548b,4bf58dd8d48988d1e2941735,Beach,-22.912200120557703,-43.16575940719461,2828
216,Oceano Atlantico,4da11a212939b1f7eb9eee56,4bf58dd8d48988d1e2941735,Beach,-22.896639986151786,-43.18100417339117,2123
217,SetPoint Urca,4c881beba0ffb60ceb9a1fc5,4bf58dd8d48988d1e2941735,Beach,-22.94778111745028,-43.162556616094896,5085
218,Capacabana,5314d1a8498ea3c7f2d48db5,4bf58dd8d48988d1e2941735,Beach,-22.911299294973798,-43.21494893581663,2216
219,Copacabana Plajı,5561c05e498e56d81e364719,4bf58dd8d48988d1e2941735,Beach,-22.91779422625532,-43.17813814993357,1688
220,Futevolei no Flamengo,5102f07ae4b06b57bf2275b4,4bf58dd8d48988d1e2941735,Beach,-22.934168799003785,-43.17213126821347,3292
221,Praia Da Sá Ferreira,50d01aa4e4b0c7350f45871b,4bf58dd8d48988d1e3941735,Surf Spot,-22.95059502896677,-43.17506492606824,4690
222,Urca Canoe Clube,4c89f0a02e3337043332bf41,4bf58dd8d48988d1e2941735,Beach,-22.94826311248923,-43.16372516168105,5054
223,Barraca da Ceiça,511bbb52e4b09273136420da,4bf58dd8d48988d1e2941735,Beach,-22.932746230499426,-43.1715494613176,3216
224,Barraca Da Renata,4fef1c5ee4b0ff692bc62281,4bf58dd8d48988d1e2941735,Beach,-22.923706,-43.169263,2793
225,Praia De Copa Em Frente A Xavier,54dac3ca498ea26cb1448a6a,4bf58dd8d48988d1e2941735,Beach,-22.963014013491286,-43.17679967058315,5930
226,Private beach Zoran,52d2cf3611d257eb245410ef,4bf58dd8d48988d1e2941735,Beach,-22.9359074019627,-43.16955329229509,3612
227,Prainha Da Marina,5f1f5d23bf10571f8d64356b,4bf58dd8d48988d1e2941735,Beach,-22.919662,-43.167786,2757
228,Bacutia,4f0734d5e4b06fab1829e72a,4bf58dd8d48988d1e2941735,Beach,-22.92076763713817,-43.17672872545562,1965
229,Viewfredo Massage,4f881da1e4b0b1c4ae77dfdc,4bf58dd8d48988d1e2941735,Beach,-22.93166185147685,-43.17811923174529,2691
230,Escola de Volei do Big,4d96f947647d8cfa8dbac73d,4bf58dd8d48988d1e2941735,Beach,-22.93410941088688,-43.17182339096902,3308
231,Three's a party!,4dd1a61b7d8b4c6585dac632,4bf58dd8d48988d1e3941735,Surf Spot,-22.929614,-43.17830479999999,2497
232,Projeto Mentes de Ferro - Good Fit Set Point,517c1562498e2f0192911ddc,4bf58dd8d48988d1e2941735,Beach,-22.94749641418457,-43.16343688964844,5004
233,rudder beach,50c50b86e4b085c8e4f4678b,4bf58dd8d48988d1e3941735,Surf Spot,-22.962202023893624,-43.17570237476738,5877
234,Aqueloo,50c93038e4b0d59c9272ef1c,4bf58dd8d48988d1e2941735,Beach,-22.963641503997287,-43.17556048132214,6034
235,Piscinão de Ramos,4d3ad7fd97e0a1cd9dfe713e,4bf58dd8d48988d1e2941735,Beach,-22.839289317807477,-43.25049161911011,3835
236,Praia de Ramos,55cfa178498eecb781a1e8d1,4bf58dd8d48988d1e2941735,Beach,-22.839289317807477,-43.25049161911011,3835
237,Praia Do Chiclete,5259a89d498ea602fe56026e,4bf58dd8d48988d1e2941735,Beach,-22.855419,-43.25274,3201
238,Freguesia de Santana - Ilha GRANDE,511fa487e4b0484319fb2b7c,4bf58dd8d48988d1e2941735,Beach,-22.912613505300442,-43.195383851806156,6279
239,Praia de Ponta Negra,50d293afe4b00575074e73ed,4bf58dd8d48988d1e2941735,Beach,-22.83303287354723,-43.19636725094728,4180
240,Praia de São Bento,4caf7acd5430b713e7653616,4bf58dd8d48988d1e2941735,Beach,-22.818950476718925,-43.22170246208979,4788
241,Posto Ale,4cc77559caa5a1cd8cee97e7,4bf58dd8d48988d113951735,Gas Station,-22.826421230179328,-43.233352678488025,4114
242,Masion Beach,4fc412e3e4b071420faa5dc2,4bf58dd8d48988d1e2941735,Beach,-22.898298661239647,-43.25620019918407,5330
243,Vala da Bóia,54fb38a0498e122d61208d3f,4bf58dd8d48988d1e3941735,Surf Spot,-22.85484996720095,-43.26133769852806,4077
244,俺の汚い家,501be0fce4b0702013631a20,4bf58dd8d48988d1e3941735,Surf Spot,-22.8022605832024,-43.23761959331133,1774
245,Beira Mar,59d801f558002c2cb1f3ca4e,4bf58dd8d48988d1e2941735,Beach,-22.792315,-43.291428,4658
246,Treino Físico Areia,4e9868b74fc674719a37f5cc,4bf58dd8d48988d1e2941735,Beach,-22.81851471586243,-43.19776141737031,5546
247,Marciano's House,54b67455498ef216ab43a08f,4bf58dd8d48988d1e2941735,Beach,-22.81640625,-43.29635238647461,4644
248,"Atlântida, Reino Perdido",4f21f545e4b02a95fbdc0d7a,4bf58dd8d48988d1e2941735,Beach,-22.82849421474754,-43.283524893617574,3780
249,Praia da Bica,4be6d4a8cf200f4770e4143c,4bf58dd8d48988d1e2941735,Beach,-22.811315732004513,-43.19613751268604,5665
250,Praia do Quebra Coco,4f6a7f35e4b082bd4ac4990b,4bf58dd8d48988d1e2941735,Beach,-22.816006818341823,-43.21224868297577,4036
251,Mar da Key,56109ad5498effac7d8d0c35,4bf58dd8d48988d1e2941735,Beach,-22.811811703027054,-43.196319972582096,5646
252,Mar da Ce,55f8cdaf498e284a7ff96a6d,4bf58dd8d48988d1e2941735,Beach,-22.81173742141649,-43.196277422015456,5650
253,Quiosque Miranda's,51736e96e4b0ffeb9251133f,4bf58dd8d48988d1e2941735,Beach,-22.818783,-43.199333,5390
254,Beach Bass,5a4977cdbed4834ef2639a3d,4bf58dd8d48988d1e2941735,Beach,-22.750162,-43.28718,1489
255,Praia do Barão,4ebd306261af9815e10826ec,4bf58dd8d48988d1e2941735,Beach,-22.799191276519995,-43.17495033495415,255
256,Praia da Guanabara,4ed6aaa5d3e37b38b792898e,4bf58dd8d48988d1e2941735,Beach,-22.79148289822047,-43.167228758689696,951
257,Praia da Engenhoca,4f6c89d0e4b07fa2c4c8e4f2,4bf58dd8d48988d1e2941735,Beach,-22.82245036195632,-43.17038306600494,2866
258,Praia da Ribeira,4d9355d3922c6ea86b736379,4bf58dd8d48988d1e2941735,Beach,-22.82440150208962,-43.16856463902568,3111
259,Praia Congonhas do Campo,4f70c077e4b0df194ea5c131,4bf58dd8d48988d1e2941735,Beach,-22.79927157681692,-43.17409422565599,258
260,ilha de Paquetá,571a8688498e465e2f2b044b,4bf58dd8d48988d1e2941735,Beach,-22.841711,-43.13991,6106
261,Praia do Zumbi,50d776b5e4b00d6427b4f450,4bf58dd8d48988d1e2941735,Beach,-22.82051405963253,-43.17559358982843,2624
262,Praia da Rosa,57b47e6e498e2f0c9778946d,4bf58dd8d48988d1e2941735,Beach,-22.785717,-43.186106,1739
263,Praia da Freguesia,4d378413d60c6dcb69c36ebc,4bf58dd8d48988d1e2941735,Beach,-22.79133965695909,-43.16837542087803,875
264,Praia de Cocotá,56b7a7ac498e123dcd3acdaa,4bf58dd8d48988d1e2941735,Beach,-22.80150330466968,-43.177707195281975,611
265,Praia da Olaria,5220bd7e11d2065bcc95841d,4bf58dd8d48988d1e2941735,Beach,-22.80473549999881,-43.17878136410839,977
266,Angra dos Reis,5319135c498e719fdadcd72f,4bf58dd8d48988d1e2941735,Beach,-22.797681962529253,-43.19319950228584,1936
267,Praia das Pitangueiras,51062d3de4b0280b142039c2,4bf58dd8d48988d1e2941735,Beach,-22.815033325038556,-43.17699538070404,2029
268,Pier Zumbi,4db14880fa8ca4b3e9f35d98,4bf58dd8d48988d1e2941735,Beach,-22.819208082750755,-43.16893361237049,2537
269,cantinho da reflexão,5509f021498e0042f9111121,4bf58dd8d48988d1e2941735,Beach,-22.824861,-43.168478,3163
270,Praia da Moreninha,511cf45ee4b0e54e3d7f3178,4bf58dd8d48988d1e2941735,Beach,-22.757123271735786,-43.11019504441397,600
271,Praia dos Tamoios,4f48e836e4b0e445064b58c7,4bf58dd8d48988d1e2941735,Beach,-22.761350933618058,-43.10783176634373,605
272,Praia José Bonifácio,5145ff90e4b087df83b0b503,4bf58dd8d48988d1e2941735,Beach,-22.763198336517558,-43.109967719862034,902
273,Praia da Guarda,4f45640ae4b01fefa0148242,4bf58dd8d48988d1e2941735,Beach,-22.762165538435468,-43.109972455800616,818
274,Praia Grossa,56b3b269498ea4461e6dea31,4bf58dd8d48988d1e2941735,Beach,-22.763851000000003,-43.106316,792
275,Praia de São Roque,511cde39e4b00679dca63529,4bf58dd8d48988d1e2941735,Beach,-22.75341262351507,-43.110564444631,751
276,Praia Da Imbuca,4f47b70de4b024e50b4755e3,4bf58dd8d48988d1e2941735,Beach,-22.76613061294651,-43.10445070266724,1020
277,Praia Do Catimbau,500aca2ee4b07041cedac982,4bf58dd8d48988d1e2941735,Beach,-22.752035234731984,-43.10458267070229,549
278,Praia Pintor Castagneto,4f45503be4b035f2e4ccedaf,4bf58dd8d48988d1e2941735,Beach,-22.751550508014716,-43.108826345726,758
279,Jurubaiba,50706603e4b0fee14a283428,4bf58dd8d48988d1f6931735,General Travel,-22.800144,-43.109099,4831
280,rio de janeiro beach club,54a6a761498efd1a4663da93,4bf58dd8d48988d1e2941735,Beach,-22.716759,-43.177603000000005,3672
281,Praia da Pedra de Guaratiba,5054df40e4b0588851edfeaf,4bf58dd8d48988d1e2941735,Beach,-23.00158407555205,-43.642060335997535,2151
282,Praia da Brisa,4e077db6a809495e61995fee,4bf58dd8d48988d1e2941735,Beach,-22.982590707247837,-43.66529102271564,5319
283,Praia Do Canto,573a03e5cd10aa513b33aee8,52e81612bcbc57f1066b7a30,Nudist Beach,-23.001328,-43.652126,3083
284,Praia Dona Luíza,4eecc52f02d514a36935f444,4bf58dd8d48988d1e2941735,Beach,-22.983763454893374,-43.692096412140735,957
285,Praia do Cardo,51e2faeb498e52c632d4c505,4bf58dd8d48988d1e2941735,Beach,-22.9844318354226,-43.69024165466553,857
286,Praia Do Tio João,59a411891ffe977b6f59fa25,4bf58dd8d48988d1e2941735,Beach,-22.991003,-43.689465000000006,1439
287,Praia Privativa,4ee202c8469093b9587ac9f4,4bf58dd8d48988d1e2941735,Beach,-22.975201565007506,-43.7032496921818,1982
288,Praia de Sepetiba,4ef207220cd6f4e7bfc81d3f,4bf58dd8d48988d1e2941735,Beach,-22.972531,-43.710725,2797
289,Praia Do Recôncavo,5d6900ff1a36aa00080118d7,4bf58dd8d48988d1e2941735,Beach,-22.985367,-43.694990000000004,1303
290,ilha do urubu,5718c16fcd104c1e95dcbdfa,4bf58dd8d48988d1e2941735,Beach,-22.922939000000003,-43.800543,1176
291,Ilha Da Madeira,5da452b096193d00088602fa,4bf58dd8d48988d1e2941735,Beach,-22.919527,-43.827625,2496
292,Praia da Ilha da Madeira,51335764e4b087250c5700a4,4bf58dd8d48988d1e2941735,Beach,-22.920468797999398,-43.85011752793885,4767
