,bandwidth,min_samples,n_inlabels,n_outliers,inertia,silhouette,bouldin,calinski
0,1.0000000000000002e-06,0,2022,0,1.05833332017413e-13,0.44565500639382716,0.004640602230196849,188004502469724.5
1,1.0000000000000002e-06,1,383,0,1.05833332017413e-13,0.9906119821111646,0.009971344551112206,431268184430853.0
2,1.0000000000000002e-06,2,165,0,1.00833331900552e-13,0.9866654868784375,0.02082045684356378,506470464577513.9
3,1.0000000000000002e-06,3,100,0,7.500000175372646e-15,0.9947183153458753,0.012897313728485715,7376471589063461.0
4,1.0000000000000002e-06,4,70,0,8.117063170362123e-26,0.9979165216243603,0.004094537101536896,7.174249940000656e+26
5,1.0000000000000002e-06,5,51,0,8.117063170362123e-26,0.9975197192968337,0.0015857198233308655,5.9158228285131404e+26
6,1.0000000000000002e-06,6,34,0,7.965601876559689e-26,0.9999961208281041,0.0007699266673368257,5.1046431118307215e+26
7,1.0000000000000002e-06,7,26,0,7.815402760205608e-26,0.9999975547953842,0.00012033938627995807,4.7813420216502216e+26
8,1.0000000000000002e-06,8,20,0,7.663941466403174e-26,0.9999994793014529,9.089338108900794e-05,5.0235731556162576e+26
9,1.0000000000000002e-06,9,14,0,7.584424287156896e-26,0.9999993611597658,9.899380973988696e-05,5.3156137389492156e+26
10,1.0000000000000002e-06,10,13,0,7.57180251267336e-26,0.9999993331404573,0.00010627323412781572,5.257332123193914e+26
11,1.0000000000000002e-06,11,11,0,7.266355570171784e-26,0.9999992619224479,4.963078875109107e-06,5.706819292903702e+26
12,1.0000000000000002e-06,12,7,0,7.236063311411297e-26,0.9999990376963561,5.762318598056417e-06,6.406819132539593e+26
13,1.0000000000000002e-06,13,7,0,7.236063311411297e-26,0.9999990376963561,5.762318598056417e-06,6.406819132539593e+26
14,1.0000000000000002e-06,14,7,0,7.236063311411297e-26,0.9999990376963561,5.762318598056417e-06,6.406819132539593e+26
15,1.0000000000000002e-06,15,7,0,7.236063311411297e-26,0.9999990376963561,5.762318598056417e-06,6.406819132539593e+26
16,1.0000000000000002e-06,16,7,0,7.236063311411297e-26,0.9999990376963561,5.762318598056417e-06,6.406819132539593e+26
17,1.0000000000000002e-06,17,7,0,7.236063311411297e-26,0.9999990376963561,5.762318598056417e-06,6.406819132539593e+26
18,1.0000000000000002e-06,18,6,0,7.122467341059471e-26,0.9999989139716019,5.67162945900834e-06,6.452744414453836e+26
19,1.0000000000000002e-06,19,5,0,7.002560483465878e-26,0.9999991458198969,3.092161244498757e-06,5.7240580002730936e+26
20,1.0000000000000002e-06,20,4,0,5.992818524782982e-26,0.999998976675322,3.08641227503209e-06,7.114320516569334e+26
21,1.0000000000000002e-06,21,3,0,5.462703996474463e-26,0.999998708052594,3.0079158827918782e-06,8.705284359474371e+26
22,1.0000000000000002e-06,22,2,0,4.21314832260438e-26,1.0,0.0,4.683061725123895e+26
23,1.0000000000000002e-06,23,2,0,4.21314832260438e-26,1.0,0.0,4.683061725123895e+26
24,1.0000000000000002e-06,24,2,0,4.21314832260438e-26,1.0,0.0,4.683061725123895e+26
25,1.0000000000000002e-06,25,2,0,4.21314832260438e-26,1.0,0.0,4.683061725123895e+26
26,1.722856491129546e-05,0,1984,0,1.318825820230917e-09,0.4587436888627679,0.0030102422747869217,15984129089.218643
27,1.722856491129546e-05,1,379,0,1.3188258202309173e-09,0.995832128020215,0.005019595290869597,37383030042.25323
28,1.722856491129546e-05,2,163,0,1.1719808202478017e-09,0.9961065444421097,0.006479940514106846,47506677697.416245
29,1.722856491129546e-05,3,104,0,1.0920141535387071e-09,0.9973201903456623,0.005861364593978511,55117455560.53322
30,1.722856491129546e-05,4,73,0,1.0283841535745826e-09,0.9979294017563292,0.004932808342332203,63109091648.64791
31,1.722856491129546e-05,5,54,0,9.133841533264999e-10,0.99758436779547,0.0038181988875248545,60240346044.80425
32,1.722856491129546e-05,6,38,0,7.949441536264206e-10,0.9971188355287331,0.0038982016969475518,60530354702.17764
33,1.722856491129546e-05,7,28,0,7.133870107633026e-10,0.9974958168222479,0.003625641834643671,60580100900.323296
34,1.722856491129546e-05,8,20,0,6.142332607325659e-10,0.9970218472917386,0.0021771833982724086,73731721142.21465
35,1.722856491129546e-05,9,14,0,6.142332607325659e-10,0.9964172950227224,0.0030499298667395224,79998325402.64896
36,1.722856491129546e-05,10,13,0,6.14233260732566e-10,0.9962773456095475,0.003279668168092126,80045736147.82454
37,1.722856491129546e-05,11,11,0,6.14233260732566e-10,0.9959443916676106,0.0036948472461954926,84913321441.52812
38,1.722856491129546e-05,12,8,0,6.142332607325659e-10,0.9999440730806364,7.941989419387669e-05,94194467677.34952
39,1.722856491129546e-05,13,8,0,6.142332607325659e-10,0.9999440730806364,7.941989419387669e-05,94194467677.34952
40,1.722856491129546e-05,14,8,0,6.142332607325659e-10,0.9999440730806364,7.941989419387669e-05,94194467677.34952
41,1.722856491129546e-05,15,8,0,6.142332607325659e-10,0.9999440730806364,7.941989419387669e-05,94194467677.34952
42,1.722856491129546e-05,16,7,0,5.723582608209128e-10,0.9999422733292483,8.02197653868331e-05,105527276280.7228
43,1.722856491129546e-05,17,7,0,5.723582608209128e-10,0.9999422733292483,8.02197653868331e-05,105527276280.7228
44,1.722856491129546e-05,18,6,0,5.723582608209128e-10,0.9999360778846675,8.716798614016054e-05,108380084129.91606
45,1.722856491129546e-05,19,6,0,5.723582608209128e-10,0.9999360778846675,8.716798614016054e-05,108380084129.91606
46,1.722856491129546e-05,20,4,0,3.1207826157586124e-10,0.9999917419733313,1.6766979175168104e-05,210958024136.18143
47,1.722856491129546e-05,21,4,0,3.1207826157586124e-10,0.9999917419733313,1.6766979175168104e-05,210958024136.18143
48,1.722856491129546e-05,22,3,0,3.1207826157586124e-10,0.9999916292399307,1.7081480491562592e-05,150895828596.84073
49,1.722856491129546e-05,23,2,0,3.0732000065143413e-10,0.9999899660270545,1.6270835119107028e-05,113417867836.2315
50,1.722856491129546e-05,24,2,0,3.0732000065143413e-10,0.9999899660270545,1.6270835119107028e-05,113417867836.2315
51,1.722856491129546e-05,25,2,0,3.0732000065143413e-10,0.9999899660270545,1.6270835119107028e-05,113417867836.2315
52,7.227762736736967e-05,0,1889,0,5.208290947722079e-08,0.48199982477084835,0.009389325143614749,465536503.125362
53,7.227762736736967e-05,1,389,0,5.2082909477220796e-08,0.982136217258985,0.016307714037106857,1079729388.191578
54,7.227762736736967e-05,2,165,0,4.3457009477975725e-08,0.9896247349114782,0.010204665442022491,1512700712.620464
55,7.227762736736967e-05,3,114,0,3.906199614517688e-08,0.989633370467848,0.010318149338424315,1846743355.490298
56,7.227762736736967e-05,4,78,0,3.35499311457e-08,0.9898606273857813,0.009550427689924942,2305598649.0280485
57,7.227762736736967e-05,5,56,0,2.911123914450867e-08,0.9960647641048326,0.0040872161674268,2353293217.8516965
58,7.227762736736967e-05,6,42,0,2.7995059144579014e-08,0.9957948284828086,0.004275908227995815,2168720745.626629
59,7.227762736736967e-05,7,33,0,2.7308447715687322e-08,0.9961236730967342,0.0034954083686203996,2219558310.788186
60,7.227762736736967e-05,8,25,0,2.3829470215794586e-08,0.9956628679809795,0.004203890443573114,2422320061.2235146
61,7.227762736736967e-05,9,21,0,2.382947021579459e-08,0.9952842202716952,0.0048122831104928585,2489856216.370415
62,7.227762736736967e-05,10,17,0,1.8418888215714686e-08,0.9948230668703832,0.005683742755902167,3288374266.951111
63,7.227762736736967e-05,11,16,0,1.8243860942932525e-08,0.9953042423314903,0.005285284929084251,3282552787.780325
64,7.227762736736967e-05,12,13,0,1.824386094293252e-08,0.9991745193400421,0.0017640085756181385,3438404227.6519146
65,7.227762736736967e-05,13,12,0,1.770881786717953e-08,0.9991706349272854,0.0017411310591194287,3656454478.9310904
66,7.227762736736967e-05,14,10,0,1.4170948580826485e-08,0.9991195630526859,0.0019635189245038502,4737029513.475908
67,7.227762736736967e-05,15,10,0,1.4170948580826485e-08,0.9991195630526859,0.0019635189245038502,4737029513.475908
68,7.227762736736967e-05,16,10,0,1.4170948580826485e-08,0.9991195630526859,0.0019635189245038502,4737029513.475908
69,7.227762736736967e-05,17,9,0,8.623687404004278e-09,0.999200859916249,0.0017381461980251805,7931169741.541774
70,7.227762736736967e-05,18,8,0,7.101402403654793e-09,0.9991502101168775,0.001912615968767157,9951544205.902277
71,7.227762736736967e-05,19,6,0,3.678442404503793e-09,0.9998749348101603,0.00021752578330713662,20418761717.061684
72,7.227762736736967e-05,20,5,0,3.4181624052587417e-09,0.9998863724469841,0.00020902257299300299,22605002370.020355
73,7.227762736736967e-05,21,5,0,3.4181624052587417e-09,0.9998863724469841,0.00020902257299300299,22605002370.020355
74,7.227762736736967e-05,22,5,0,3.4181624052587417e-09,0.9998863724469841,0.00020902257299300299,22605002370.020355
75,7.227762736736967e-05,23,3,0,3.2888554485672425e-09,0.9998439411190755,0.0003298578438678008,10486096622.52559
76,7.227762736736967e-05,24,2,0,2.5010487804610127e-09,0.9999736863485847,5.126327930198648e-05,19107670008.60545
77,7.227762736736967e-05,25,2,0,2.5010487804610127e-09,0.9999736863485847,5.126327930198648e-05,19107670008.60545
78,0.00018993702450602267,0,1807,2,2.150452096575539e-07,0.5057804319262296,0.018133407244536912,126432680.8296279
79,0.00018993702450602267,1,402,2,2.1504520965755387e-07,0.9747302141064048,0.03222164466825268,288709148.0274149
80,0.00018993702450602267,2,180,2,1.735108646595395e-07,0.9816170060453288,0.024853500246101997,450303963.00143266
81,0.00018993702450602267,3,124,2,1.429759046628564e-07,0.9829606208813196,0.022956353319192803,616137987.8704299
82,0.00018993702450602267,4,87,2,1.2060644466546856e-07,0.9833730806432422,0.025139330588534015,759647893.5516858
83,0.00018993702450602267,5,67,2,1.052822646641981e-07,0.9905741612916086,0.0177157849743816,921501607.8472893
84,0.00018993702450602267,6,48,2,7.435768966642034e-08,0.9915033041931172,0.017107503531288665,1014522673.3747406
85,0.00018993702450602267,7,38,2,6.924103252396585e-08,0.9950888674338597,0.006524983423091812,929627763.477442
86,0.00018993702450602267,8,29,2,5.010379127335774e-08,0.9952474835837863,0.005498584751095079,1233714596.238765
87,0.00018993702450602267,9,23,2,3.914269571374789e-08,0.9947862665103785,0.006308887496474171,1576317064.7200103
88,0.00018993702450602267,10,18,2,2.932879371306833e-08,0.9947120213300836,0.005984187075748167,2125070592.4911363
89,0.00018993702450602267,11,17,2,2.3094400986459196e-08,0.9945603998944248,0.006282405817013076,2674207055.078865
90,0.00018993702450602267,12,13,2,2.063234265321937e-08,0.9990811472705742,0.0018453675698667596,3082948105.3027706
91,0.00018993702450602267,13,12,2,2.0097299577466373e-08,0.9990730366191588,0.001821147991058707,3269452257.0990314
92,0.00018993702450602267,14,11,2,1.873671029166061e-08,0.9990452211312219,0.0019278341070375416,3524575105.707143
93,0.00018993702450602267,15,11,2,1.873671029166061e-08,0.9990452211312219,0.0019278341070375416,3524575105.707143
94,0.00018993702450602267,16,10,2,1.539006279126999e-08,0.999013832536464,0.0020485237364477617,4387045614.9925
95,0.00018993702450602267,17,9,2,9.842801614447785e-09,0.9990872023298193,0.001835561873613364,6991287462.710475
96,0.00018993702450602267,18,8,2,8.3205166140983e-09,0.999027442088638,0.0020199510766955287,8550202144.776131
97,0.00018993702450602267,19,7,2,7.588352403676076e-09,0.9989390234025286,0.0022927431339304642,9489089221.538733
98,0.00018993702450602267,20,5,2,3.4181624052587417e-09,0.9998863724469841,0.00020902257299300299,22605002370.020355
99,0.00018993702450602267,21,5,2,3.4181624052587417e-09,0.9998863724469841,0.00020902257299300299,22605002370.020355
100,0.00018993702450602267,22,5,2,3.4181624052587417e-09,0.9998863724469841,0.00020902257299300299,22605002370.020355
101,0.00018993702450602267,23,3,2,3.2888554485672425e-09,0.9998439411190755,0.0003298578438678008,10486096622.52559
102,0.00018993702450602267,24,2,2,2.5010487804610127e-09,0.9999736863485847,5.126327930198648e-05,19107670008.60545
103,0.00018993702450602267,25,2,2,2.5010487804610127e-09,0.9999736863485847,5.126327930198648e-05,19107670008.60545
104,0.00039399659346505436,0,1690,11,1.7158645398769321e-06,0.5322201351577903,0.033078456303341025,18429996.6419315
105,0.00039399659346505436,1,418,11,1.7158645398769321e-06,0.9564250209041661,0.05313665736685198,39722495.39055121
106,0.00039399659346505436,2,201,11,1.4210648498783625e-06,0.9615983798225255,0.047264811097727726,60943269.51604917
107,0.00039399659346505436,3,131,11,1.1292261632109631e-06,0.9698939131551196,0.03547323145551282,88475207.9347106
108,0.00039399659346505436,4,92,11,9.999999816650932e-07,0.9702770447581618,0.035860565258797286,105633149.84082994
109,0.00039399659346505436,5,71,11,8.232105416681033e-07,0.9729453451702573,0.03634359530223245,132116209.31657194
110,0.00039399659346505436,6,56,11,7.831851350005083e-07,0.9714569551248374,0.03943322116579497,108148611.63034514
111,0.00039399659346505436,7,44,11,6.901089635725407e-07,0.9717918645377889,0.03657616227785088,109095122.64045188
112,0.00039399659346505436,8,34,11,6.26826019823321e-07,0.9755766554586934,0.0275433825358075,108975093.19493535
113,0.00039399659346505436,9,26,11,4.894649731528066e-07,0.9727754867439997,0.03294460866254509,141730737.30762142
114,0.00039399659346505436,10,22,11,4.037714711524134e-07,0.9710786264989103,0.03613410934296795,171287059.91541788
115,0.00039399659346505436,11,18,11,3.497452238758865e-07,0.9691345075170372,0.03926968982807785,199110814.58567068
116,0.00039399659346505436,12,16,11,3.29847647207537e-07,0.9874255060400805,0.02665710173469028,219643762.78041074
117,0.00039399659346505436,13,14,11,3.0062881951692204e-07,0.9865251111624538,0.03008966807515253,246902326.81307778
118,0.00039399659346505436,14,12,11,2.742610845155436e-07,0.9921036967438501,0.013384744003327934,278642164.0010832
119,0.00039399659346505436,15,11,11,2.0301768318522714e-07,0.9964332534349978,0.004707505358952777,372433667.048048
120,0.00039399659346505436,16,11,11,2.0301768318522714e-07,0.9964332534349978,0.004707505358952777,372433667.048048
121,0.00039399659346505436,17,9,11,1.632667431846373e-07,0.9963770348839681,0.004760731123560197,486912125.8789267
122,0.00039399659346505436,18,8,11,1.617444581842878e-07,0.9961192411054511,0.005285305492585405,513049490.26812077
123,0.00039399659346505436,19,8,11,1.617444581842878e-07,0.9961192411054511,0.005285305492585405,513049490.26812077
124,0.00039399659346505436,20,8,11,1.617444581842878e-07,0.9961192411054511,0.005285305492585405,513049490.26812077
125,0.00039399659346505436,21,7,11,1.476844600899431e-07,0.9993501994921752,0.0008837773040404496,574177783.9389364
126,0.00039399659346505436,22,7,11,1.476844600899431e-07,0.9993501994921752,0.0008837773040404496,574177783.9389364
127,0.00039399659346505436,23,4,11,1.2564545921944102e-07,0.9991095784189592,0.0013162413785685642,290322464.1264641
128,0.00039399659346505436,24,2,11,8.200165130304502e-08,0.9998653276310874,0.00022794979138256513,749197697.8622389
129,0.00039399659346505436,25,2,11,8.200165130304502e-08,0.9998653276310874,0.00022794979138256513,749197697.8622389
130,0.0007082461713822649,0,1540,14,9.911769560474516e-06,0.5612971493725674,0.05745696724460613,3908384.9637940885
131,0.0007082461713822649,1,441,14,9.911769560474516e-06,0.9278073109901018,0.09223136870985738,8155840.675456198
132,0.0007082461713822649,2,217,14,8.544133285470095e-06,0.9525041131390735,0.07554564461481968,11552234.36192155
133,0.0007082461713822649,3,145,14,7.301313025477285e-06,0.9595520479334345,0.05975793792060861,15670974.649704795
134,0.0007082461713822649,4,101,14,6.61417142298641e-06,0.96251144457523,0.05789436020828775,18448261.98660703
135,0.0007082461713822649,5,75,14,5.6487723189882916e-06,0.972548239105035,0.038505002685041576,23682298.269888226
136,0.0007082461713822649,6,54,14,4.884535693499324e-06,0.9726867545285071,0.03752724898379681,21461808.507384118
137,0.0007082461713822649,7,47,14,4.610288707781185e-06,0.9751324907877953,0.03143121476570013,20122367.08353264
138,0.0007082461713822649,8,37,14,4.483109475284828e-06,0.9725038250761978,0.03800858416836934,20295963.68759205
139,0.0007082461713822649,9,28,14,4.083225093059232e-06,0.9713142192210159,0.043222794571877096,22691714.976818286
140,0.0007082461713822649,10,24,14,3.882690314058135e-06,0.9782627022004292,0.029504930271749403,24627684.40913295
141,0.0007082461713822649,11,18,14,3.6056145576912712e-06,0.9774862872641001,0.028243566726396805,27779035.06929213
142,0.0007082461713822649,12,16,14,3.5520668318544427e-06,0.9767259488331117,0.030685581130210512,29432540.634200692
143,0.0007082461713822649,13,15,14,3.5515317887786887e-06,0.9760301647803507,0.032295241097852555,30312045.80921708
144,0.0007082461713822649,14,14,14,3.550171199492883e-06,0.9752244270861904,0.034507864379765336,30353714.142146707
145,0.0007082461713822649,15,14,14,3.550171199492883e-06,0.9752244270861904,0.034507864379765336,30353714.142146707
146,0.0007082461713822649,16,14,14,3.550171199492883e-06,0.9752244270861904,0.034507864379765336,30353714.142146707
147,0.0007082461713822649,17,13,14,3.544623938316061e-06,0.9742156521122904,0.036370477079940254,31198611.35845478
148,0.0007082461713822649,18,12,14,3.492951882204483e-06,0.9730316339836841,0.03918961925207428,32086171.314727325
149,0.0007082461713822649,19,12,14,3.492951882204483e-06,0.9730316339836841,0.03918961925207428,32086171.314727325
150,0.0007082461713822649,20,12,14,3.492951882204483e-06,0.9730316339836841,0.03918961925207428,32086171.314727325
151,0.0007082461713822649,21,10,14,3.1525199622072144e-06,0.9776985798797662,0.03896133442922792,35912599.52102635
152,0.0007082461713822649,22,10,14,3.1525199622072144e-06,0.9776985798797662,0.03896133442922792,35912599.52102635
153,0.0007082461713822649,23,9,14,2.348321117001987e-06,0.9948763588803016,0.008434877294598067,47181947.534518115
154,0.0007082461713822649,24,7,14,2.2608255374190672e-06,0.9972326412399768,0.003564868162262729,43963758.9377518
155,0.0007082461713822649,25,5,14,2.115548479818136e-06,0.9983079710719424,0.0033775528853680916,50644853.09786994
156,0.0011564755953954544,0,1399,22,3.119569904507882e-05,0.5877787731387665,0.08133275491224592,1492227.1590818078
157,0.0011564755953954544,1,450,22,3.119569904507882e-05,0.8997010068613872,0.1298236489159494,2901918.2649111897
158,0.0011564755953954544,2,240,22,2.7986045435108918e-05,0.9171826104779484,0.12338961233959782,3861237.9879284664
159,0.0011564755953954544,3,159,22,2.4131918035093755e-05,0.9351501418464233,0.1045460888042266,5254014.24658892
160,0.0011564755953954544,4,111,22,2.1084884900102294e-05,0.938272855415806,0.10790982123487569,6417577.235274784
161,0.0011564755953954544,5,88,22,1.9183551716100854e-05,0.9453328920717922,0.09553293020612355,7546026.528158365
162,0.0011564755953954544,6,68,22,1.7710081557281895e-05,0.9544982502715793,0.07062247860923011,6914100.971191105
163,0.0011564755953954544,7,57,22,1.593418642583837e-05,0.9582746412667265,0.060541111721445176,7027602.317618442
164,0.0011564755953954544,8,39,22,1.1064325298316032e-05,0.9571233249178827,0.060828358145592475,8961587.133713635
165,0.0011564755953954544,9,31,22,1.0554054616090963e-05,0.9565847235778645,0.0670150223690496,9535001.86965418
166,0.0011564755953954544,10,27,22,1.013615202708952e-05,0.9577444056972233,0.06745363549570466,10318247.468605228
167,0.0011564755953954544,11,22,22,9.566535379829531e-06,0.9572023827297959,0.07010509004661385,11467232.035016049
168,0.0011564755953954544,12,18,22,9.070121721495958e-06,0.963951299515814,0.0593273834199293,12397350.3872296
169,0.0011564755953954544,13,18,22,9.070121721495958e-06,0.963951299515814,0.0593273834199293,12397350.3872296
170,0.0011564755953954544,14,17,22,9.068761132210154e-06,0.9628995695550433,0.06272340766098278,12298102.045254076
171,0.0011564755953954544,15,16,22,8.919716238878655e-06,0.9619841577140028,0.06579594302138138,12721259.885186637
172,0.0011564755953954544,16,16,22,8.919716238878655e-06,0.9619841577140028,0.06579594302138138,12721259.885186637
173,0.0011564755953954544,17,15,22,7.775071420044486e-06,0.9609271630830253,0.06914661804656622,14878403.213903626
174,0.0011564755953954544,18,13,22,5.81092599894235e-06,0.9683033199834531,0.042260135120975865,20319309.10288984
175,0.0011564755953954544,19,12,22,5.689235773680549e-06,0.9668365993301355,0.045534055277536845,20975680.141124904
176,0.0011564755953954544,20,12,22,5.689235773680549e-06,0.9668365993301355,0.045534055277536845,20975680.141124904
177,0.0011564755953954544,21,11,22,5.3628638517776256e-06,0.965295719050529,0.04845865966194654,22266316.085235626
178,0.0011564755953954544,22,10,22,5.09183713450326e-06,0.9727784866058387,0.04276407059566395,23702292.637821138
179,0.0011564755953954544,23,10,22,5.09183713450326e-06,0.9727784866058387,0.04276407059566395,23702292.637821138
180,0.0011564755953954544,24,9,22,5.04898113325497e-06,0.9738051942695678,0.04163289300079014,24234942.644883774
181,0.0011564755953954544,25,7,22,4.836832942850145e-06,0.9703524973938537,0.05235491588363309,22934492.945907682
182,0.0017624747026424232,0,1223,38,0.00010484667016270821,0.6097984430432605,0.11984029970316783,556742.8998577402
183,0.0017624747026424232,1,454,38,0.00010484667016270822,0.8643732180357825,0.1687590005081909,1016268.9110041229
184,0.0017624747026424232,2,256,38,9.327188259772317e-05,0.8836527357226724,0.159156343360175,1375260.9696959245
185,0.0017624747026424232,3,178,38,8.28114965044069e-05,0.8962027404271291,0.1496511460917176,1776524.3312714756
186,0.0017624747026424232,4,130,38,7.50175659044051e-05,0.9006766597140794,0.14675402418782577,2101065.644975429
187,0.0017624747026424232,5,104,38,6.81166447844179e-05,0.9051650006135065,0.141644665625292,2399630.0690158657
188,0.0017624747026424232,6,79,38,5.57080053805852e-05,0.9127365379672596,0.1299933547705182,2709769.631354887
189,0.0017624747026424232,7,66,38,5.148593434342442e-05,0.9317108100277982,0.10421024450449212,2838832.3142270423
190,0.0017624747026424232,8,53,38,4.729090386093116e-05,0.9406185910946218,0.08169643111749217,3279775.8593157614
191,0.0017624747026424232,9,38,38,3.841698249868949e-05,0.9429751696517445,0.08248795050608304,2896022.297421783
192,0.0017624747026424232,10,33,38,3.5667176273704843e-05,0.9467151421342995,0.08121461871673218,3077726.63343677
193,0.0017624747026424232,11,27,38,3.257569440822107e-05,0.9543576127599578,0.0645078907434352,3492905.618050725
194,0.0017624747026424232,12,23,38,2.951015831737478e-05,0.9532544373863104,0.0672704072508779,3871025.7637269674
195,0.0017624747026424232,13,21,38,2.7529103875842945e-05,0.9523845900701383,0.07072824799032597,4314399.165162076
196,0.0017624747026424232,14,19,38,2.398268500366359e-05,0.9518403722273313,0.07314506785818535,4953375.225436212
197,0.0017624747026424232,15,16,38,2.0342261283669738e-05,0.9507601523221342,0.07777382526614554,6070601.598988481
198,0.0017624747026424232,16,16,38,2.0342261283669738e-05,0.9507601523221342,0.07777382526614554,6070601.598988481
199,0.0017624747026424232,17,16,38,2.0342261283669738e-05,0.9507601523221342,0.07777382526614554,6070601.598988481
200,0.0017624747026424232,18,15,38,2.0278482747560234e-05,0.9489979437881304,0.08206819545366541,6228585.958082277
201,0.0017624747026424232,19,13,38,1.7872368933886863e-05,0.9565289299926489,0.05712157471185611,7089105.030052771
202,0.0017624747026424232,20,13,38,1.7872368933886863e-05,0.9565289299926489,0.05712157471185611,7089105.030052771
203,0.0017624747026424232,21,12,38,1.4840231968157743e-05,0.9549837309742966,0.060156184606274615,8713647.898191784
204,0.0017624747026424232,22,12,38,1.4840231968157743e-05,0.9549837309742966,0.060156184606274615,8713647.898191784
205,0.0017624747026424232,23,12,38,1.4840231968157743e-05,0.9549837309742966,0.060156184606274615,8713647.898191784
206,0.0017624747026424232,24,11,38,1.4797375966909453e-05,0.954346864181387,0.0626024728271633,8832881.066830428
207,0.0017624747026424232,25,9,38,1.3168453190891439e-05,0.9670596367031986,0.055177727519414126,8766809.982353292
208,0.002550033330260971,0,1070,58,0.00029136157900207173,0.6118489286894369,0.15028376316165726,246940.00364954307
209,0.002550033330260971,1,436,58,0.00029136157900207173,0.8135729323801296,0.22164975562417316,436665.21658940427
210,0.002550033330260971,2,268,58,0.0002734306986071001,0.8274605618978885,0.23371662048221556,546876.2478260386
211,0.002550033330260971,3,182,58,0.00024254827198041246,0.8499261124786337,0.20561677914826273,711391.9397671857
212,0.002550033330260971,4,140,58,0.0002291543292129396,0.8522765080191403,0.21589895202324705,801756.0947052304
213,0.002550033330260971,5,108,58,0.00020971261058097478,0.8576419128489791,0.2106267389391025,902973.2874073696
214,0.002550033330260971,6,91,58,0.00019951952665266093,0.8634004136030402,0.20625061982000836,934636.6963717132
215,0.002550033330260971,7,72,58,0.00017938542774228436,0.8844413374782968,0.17263865809556492,940033.2237716304
216,0.002550033330260971,8,64,58,0.00016985737363604228,0.8832500975300783,0.17946598811676362,1016982.8940323429
217,0.002550033330260971,9,49,58,0.0001576284887938175,0.8962374985905164,0.15333161112845514,939898.8699724367
218,0.002550033330260971,10,42,58,0.00014239154344589168,0.8964415012731841,0.15787678674503378,904896.2501301746
219,0.002550033330260971,11,35,58,0.00012436539275498279,0.9049464756306261,0.14386464069746122,1027590.5491432595
220,0.002550033330260971,12,30,58,0.00011318416259161658,0.9091001754217883,0.13779183415880647,1127724.5883860139
221,0.002550033330260971,13,27,58,0.00010540689313621004,0.9182582447174619,0.10778811265729968,1207302.3226993121
222,0.002550033330260971,14,25,58,0.0001007011331826354,0.9164035724318371,0.11212304381972307,1290541.376910437
223,0.002550033330260971,15,22,58,9.209899971467931e-05,0.9166986744159068,0.10843806314033451,1398392.49137055
224,0.002550033330260971,16,19,58,8.387139647280845e-05,0.9190029615998343,0.10497170580651335,1573308.7140388316
225,0.002550033330260971,17,17,58,7.533811434099932e-05,0.9179864057476156,0.10773812646088533,1791604.7086577045
226,0.002550033330260971,18,17,58,7.533811434099932e-05,0.9179864057476156,0.10773812646088533,1791604.7086577045
227,0.002550033330260971,19,15,58,7.470089036836278e-05,0.9121569697260369,0.12015872501535992,1844593.6759591247
228,0.002550033330260971,20,14,58,6.676040316891072e-05,0.9123215813194989,0.11925388796578797,2116960.2678763075
229,0.002550033330260971,21,13,58,6.37282662031816e-05,0.9089426060751613,0.12618379084974224,2270501.523215206
230,0.002550033330260971,22,13,58,6.37282662031816e-05,0.9089426060751613,0.12618379084974224,2270501.523215206
231,0.002550033330260971,23,13,58,6.37282662031816e-05,0.9089426060751613,0.12618379084974224,2270501.523215206
232,0.002550033330260971,24,12,58,6.36854102019333e-05,0.906282040487927,0.133484322976274,2309208.440425939
233,0.002550033330260971,25,10,58,6.20564874259153e-05,0.91873369590336,0.13603944511702581,2093708.4192186676
234,0.003542941315388897,0,917,65,0.0007153638124863328,0.61435338244934,0.1829199959840217,125973.31036922226
235,0.003542941315388897,1,424,65,0.0007153638124863329,0.7694172417962376,0.2624543447050061,207339.45840051657
236,0.003542941315388897,2,270,65,0.0006815250781163698,0.7780368871541203,0.27501347501934936,249882.19405444013
237,0.003542941315388897,3,182,65,0.000620589602856383,0.796059132814125,0.25393455383677105,327444.41360341257
238,0.003542941315388897,4,144,65,0.0005888155465289317,0.8029107561194051,0.2529939335178771,364899.0350974031
239,0.003542941315388897,5,112,65,0.0005618497057809551,0.804013564238291,0.25851972714803756,399410.114016817
240,0.003542941315388897,6,92,65,0.0005247113158843103,0.8151051048662931,0.23938447209995067,432522.3300614011
241,0.003542941315388897,7,80,65,0.0005011082239585981,0.8310288939004271,0.21471896791818673,410015.486142713
242,0.003542941315388897,8,71,65,0.0004812836507285587,0.8378880659968602,0.20061849788177993,432466.3464562625
243,0.003542941315388897,9,59,65,0.00046448140307077255,0.8391198468304966,0.20383498897795388,388356.61508580897
244,0.003542941315388897,10,53,65,0.0004331420056548102,0.8404699799876156,0.19494159939072692,428800.5250147183
245,0.003542941315388897,11,43,65,0.00039826753623850884,0.87496364824513,0.18370904553964565,464295.0879149594
246,0.003542941315388897,12,37,65,0.0003682737677118101,0.8787954608329225,0.18032032765486614,413790.89215917466
247,0.003542941315388897,13,34,65,0.00035345983347026365,0.8771317404060027,0.18485305141132502,433907.0961032129
248,0.003542941315388897,14,30,65,0.0003189642691659499,0.8935314609000266,0.15560473155112195,498562.51041919144
249,0.003542941315388897,15,28,65,0.0003143660055259263,0.8900747843887026,0.16490457331609898,486489.68449881295
250,0.003542941315388897,16,26,65,0.00030430506468342674,0.8912079616890664,0.16520911387816206,513344.7104403249
251,0.003542941315388897,17,22,65,0.0002755145650030221,0.9015313186996056,0.13633141523743236,554935.4854879847
252,0.003542941315388897,18,21,65,0.0002729131834441667,0.9042797048375707,0.13543903119713566,560373.6979722449
253,0.003542941315388897,19,20,65,0.0002636782979673171,0.9035798108294817,0.13843713736777344,583880.8173902953
254,0.003542941315388897,20,17,65,0.0002504948822473192,0.9036796454795644,0.13583593922324458,626580.7196135127
255,0.003542941315388897,21,17,65,0.0002504948822473192,0.9036796454795644,0.13583593922324458,626580.7196135127
256,0.003542941315388897,22,15,65,0.0002157539634863143,0.9049550368612835,0.13601579910126496,754687.5849840885
257,0.003542941315388897,23,14,65,0.00020465095048113516,0.9040744651822604,0.13864068642868982,807631.9422662004
258,0.003542941315388897,24,12,65,0.00019739924971401022,0.8998293553022737,0.15348678643810013,877279.9056363306
259,0.003542941315388897,25,11,65,0.00019720775823400471,0.8943368965264706,0.16679643053311471,793418.4624625809
260,0.004764988495164002,0,781,110,0.001321664334535985,0.6164005564765305,0.2173977012539168,83078.53537750874
261,0.004764988495164002,1,394,110,0.001321664334535985,0.7402407450141916,0.3000380826262573,129554.421020933
262,0.004764988495164002,2,271,110,0.0012715570683760474,0.7534141234443587,0.32743324408769814,150281.43854823802
263,0.004764988495164002,3,190,110,0.0011745020874894371,0.7722487068158829,0.3073759497165614,192193.4811824043
264,0.004764988495164002,4,149,110,0.0010924248644270554,0.7851014107019595,0.2931255190829519,221609.92140239617
265,0.004764988495164002,5,114,110,0.0010092992647830197,0.7948946541067572,0.2803116238237996,262099.5577579523
266,0.004764988495164002,6,91,110,0.0009350585994479958,0.8116379502420443,0.25825345726289434,284574.0806538522
267,0.004764988495164002,7,81,110,0.0008896554855623213,0.8270272748921489,0.23387334380619595,263830.0349318998
268,0.004764988495164002,8,72,110,0.0008722988726360351,0.8270902131255405,0.23788997304612103,280517.26529798337
269,0.004764988495164002,9,62,110,0.0008356847458137784,0.835484830709605,0.22687523997115996,272066.25735731353
270,0.004764988495164002,10,57,110,0.0008137611589688247,0.8361522344932999,0.2286044623916282,274045.47152612166
271,0.004764988495164002,11,49,110,0.0007578855676634052,0.8719023429058415,0.2011183354817653,303927.5657837026
272,0.004764988495164002,12,44,110,0.0007376758481933638,0.8740653949806472,0.20077742343140537,305842.9063973981
273,0.004764988495164002,13,37,110,0.0006410467991164217,0.8983355670896842,0.14398160144410244,288747.00069884025
274,0.004764988495164002,14,35,110,0.0006257409318557304,0.9012016434736749,0.14403402836544024,286479.30520018365
275,0.004764988495164002,15,31,110,0.0005756102151703934,0.912845240281471,0.13317807462648912,324239.10094888706
276,0.004764988495164002,16,26,110,0.0005338074966279583,0.9265419833421494,0.11089739244516375,357726.2023616696
277,0.004764988495164002,17,24,110,0.000511714039748747,0.9308362596168108,0.09706035761197922,384372.88297344174
278,0.004764988495164002,18,22,110,0.0004938231331937697,0.9345221051461391,0.09629956552776255,384101.01407103497
279,0.004764988495164002,19,21,110,0.00047784021740746995,0.941198070446238,0.08061527167207927,402014.19321233494
280,0.004764988495164002,20,18,110,0.0004567702826510017,0.93765799810717,0.08731337322110741,411952.4357105714
281,0.004764988495164002,21,17,110,0.0004278545017490627,0.9397593540002717,0.08421425279499514,443897.35018912854
282,0.004764988495164002,22,17,110,0.0004278545017490627,0.9397593540002717,0.08421425279499514,443897.35018912854
283,0.004764988495164002,23,16,110,0.000409302474586465,0.9422887241615279,0.08043069869346373,472600.0157297454
284,0.004764988495164002,24,15,110,0.0004092596185852166,0.9445979778959466,0.08081390822347731,481458.6104779064
285,0.004764988495164002,25,13,110,0.00040037310807316764,0.9422186742713712,0.08703580462704096,462204.7307480263
286,0.006239964706724088,0,655,152,0.0025879977622224643,0.6294355427505234,0.23702827749047406,52119.50882131995
287,0.006239964706724088,1,346,152,0.0025879977622224647,0.731141623055711,0.32467957675635517,80501.4106145049
288,0.006239964706724088,2,241,152,0.002536118656502511,0.7378927137388827,0.3625151938940784,93880.1262198175
289,0.006239964706724088,3,180,152,0.0024249334937825975,0.751510688808003,0.3623240804589574,113753.58453885422
290,0.006239964706724088,4,149,152,0.0023081045224550437,0.7685065832443869,0.3438294164135237,128505.41709148965
291,0.006239964706724088,5,126,152,0.0021674701763391827,0.7705093184118544,0.345723642805973,142420.65430135993
292,0.006239964706724088,6,103,152,0.0020332858379475,0.7772333119910132,0.3402120396566999,149846.76931145313
293,0.006239964706724088,7,91,152,0.0019609687948703857,0.7922681366490796,0.3192821873245219,138717.37855916657
294,0.006239964706724088,8,76,152,0.0017405457783188996,0.816088179451172,0.2738371910468327,162204.7629198989
295,0.006239964706724088,9,67,152,0.0016957152118611007,0.8270397370337977,0.259588575258762,155132.98246307153
296,0.006239964706724088,10,62,152,0.0016261389635270657,0.8303658733477195,0.24993999724807411,165791.5589415902
297,0.006239964706724088,11,57,152,0.001575727884954322,0.8309187087085279,0.25123768845450345,165106.27648889815
298,0.006239964706724088,12,47,152,0.0014448794567267181,0.836063395273631,0.24429826964778587,183519.9188682473
299,0.006239964706724088,13,41,152,0.0013432027501160124,0.8471816160191329,0.23371348418671822,165553.64515102378
300,0.006239964706724088,14,38,152,0.001312333331638175,0.85461167158278,0.22458934707024134,167271.11943436004
301,0.006239964706724088,15,36,152,0.0012751918550635312,0.8638020054485003,0.21745987718304563,175466.73435443777
302,0.006239964706724088,16,31,152,0.0011783127372000399,0.8715177007818783,0.2022905746781712,188922.56791432522
303,0.006239964706724088,17,29,152,0.0010912024943434977,0.8926730800638448,0.15753075931574895,205025.23083288243
304,0.006239964706724088,18,25,152,0.0010433529893565073,0.8975303364116772,0.15356673849933222,205803.28243456854
305,0.006239964706724088,19,24,152,0.0010277665206406897,0.9044189715395241,0.14624886252208522,209733.44529537548
306,0.006239964706724088,20,22,152,0.0010090553751916937,0.900703949188417,0.15697918650895917,203521.25985174748
307,0.006239964706724088,21,21,152,0.0009683485071735594,0.8991952289763038,0.16167427449186234,216276.36599254212
308,0.006239964706724088,22,21,152,0.0009683485071735594,0.8991952289763038,0.16167427449186234,216276.36599254212
309,0.006239964706724088,23,21,152,0.0009683485071735594,0.8991952289763038,0.16167427449186234,216276.36599254212
310,0.006239964706724088,24,21,152,0.0009683485071735594,0.8991952289763038,0.16167427449186234,216276.36599254212
311,0.006239964706724088,25,20,152,0.0009650169197775596,0.8995639075960217,0.16425285872030387,219488.50325710193
312,0.00799165978720695,0,529,161,0.004779645822273151,0.635420704054293,0.2724666903815135,36722.27690056153
313,0.00799165978720695,1,298,161,0.004779645822273151,0.709647840582831,0.3642706552139694,55860.87768583392
314,0.00799165978720695,2,216,161,0.004681625353018094,0.7132796434261917,0.40410330445737297,64175.922719635186
315,0.00799165978720695,3,172,161,0.004540001224251533,0.7236188147735363,0.40207692675625395,73715.08014002423
316,0.00799165978720695,4,149,161,0.004359606254566488,0.734274539619339,0.39242307863265025,81460.22121278425
317,0.00799165978720695,5,129,161,0.004202989821566775,0.7406109834739749,0.3918904724756198,90873.4461541398
318,0.00799165978720695,6,107,161,0.003955770354405129,0.7427743376757443,0.3988701081519567,94160.50740791715
319,0.00799165978720695,7,94,161,0.0037510867571166197,0.7514683604868884,0.3997031923269454,90983.55451568322
320,0.00799165978720695,8,86,161,0.0035465277586927612,0.7586283053414267,0.387885541424464,96256.99880296616
321,0.00799165978720695,9,75,161,0.0033353738088704203,0.7772390558583471,0.33909221111318877,97137.18264317134
322,0.00799165978720695,10,68,161,0.0031331880390253683,0.7858990807978049,0.32921579140815205,102080.35485821281
323,0.00799165978720695,11,63,161,0.0030459781276489634,0.7912313319274745,0.3267653125705559,100848.13537810619
324,0.00799165978720695,12,59,161,0.002945069515430578,0.7964867872204014,0.31832504094115766,105691.6933151904
325,0.00799165978720695,13,54,161,0.00283925457844444,0.7976253514925697,0.31379004869528304,108122.70326220627
326,0.00799165978720695,14,48,161,0.0026437474615743947,0.8008300243480879,0.31203612030448197,97359.39613294954
327,0.00799165978720695,15,44,161,0.00252777030370899,0.8129041858909969,0.3071260698027288,101134.3736414656
328,0.00799165978720695,16,41,161,0.0023309644036958906,0.8229330995059857,0.28720091072178533,111358.39500646209
329,0.00799165978720695,17,37,161,0.002189728410958445,0.8324046699245661,0.27488402179272475,122942.20473475909
330,0.00799165978720695,18,31,161,0.001965771862624708,0.8575103641741391,0.20654757810939237,142279.72077915817
331,0.00799165978720695,19,29,161,0.0018873043173910963,0.8673061443218696,0.20561846741650555,140988.95184694682
332,0.00799165978720695,20,25,161,0.0017072342358437954,0.8726627232652663,0.19726307712821814,151234.40534977562
333,0.00799165978720695,21,22,161,0.0015853552171456666,0.8803078604921455,0.19515339061842696,152509.48927196674
334,0.00799165978720695,22,22,161,0.0015853552171456666,0.8803078604921455,0.19515339061842696,152509.48927196674
335,0.00799165978720695,23,22,161,0.0015853552171456666,0.8803078604921455,0.19515339061842696,152509.48927196674
336,0.00799165978720695,24,22,161,0.0015853552171456666,0.8803078604921455,0.19515339061842696,152509.48927196674
337,0.00799165978720695,25,22,161,0.0015853552171456666,0.8803078604921455,0.19515339061842696,152509.48927196674
338,0.010043863573750393,0,443,164,0.0075444986007957866,0.6311721970819113,0.29344322778962467,28718.458443964104
339,0.010043863573750393,1,262,164,0.0075444986007957866,0.6930540785508923,0.3801391568669675,43031.11152410985
340,0.010043863573750393,2,195,164,0.007396064670695696,0.6977507456440059,0.4072624807312752,49265.07659659063
341,0.010043863573750393,3,163,164,0.007264157748642379,0.7023734891331374,0.41032789863096597,53963.24670024149
342,0.010043863573750393,4,138,164,0.006947529344664922,0.713106979993232,0.39545007451033287,60594.62617335341
343,0.010043863573750393,5,123,164,0.006746451536424932,0.722654794156214,0.3837907606699763,66257.35429593384
344,0.010043863573750393,6,105,164,0.006514802373643343,0.7213134216761602,0.3980109835729346,66765.14199164434
345,0.010043863573750393,7,94,164,0.00628331780205764,0.7240504843343032,0.4013430755874592,64316.167393485586
346,0.010043863573750393,8,84,164,0.006034669582707493,0.7299287729562354,0.3916799135983825,68171.39393393842
347,0.010043863573750393,9,79,164,0.005958629216509719,0.7281551954568434,0.40210147488341436,64583.47473751708
348,0.010043863573750393,10,73,164,0.005706894195036561,0.7382924113512338,0.3844324187921093,66510.89065862892
349,0.010043863573750393,11,66,164,0.005489824051701952,0.7514201603427543,0.3587108844191905,70596.0296156506
350,0.010043863573750393,12,63,164,0.0053060714924961176,0.7513405608318153,0.35999295469306675,73318.47115258672
351,0.010043863573750393,13,56,164,0.0050125748484825235,0.7475683565749088,0.375465125444049,72429.72736165859
352,0.010043863573750393,14,52,164,0.004852815936365907,0.7563227537181523,0.35965232092892385,64083.398559906214
353,0.010043863573750393,15,49,164,0.004736092923613948,0.7522319189253254,0.3727443874146322,65219.38596360279
354,0.010043863573750393,16,47,164,0.004600398972007082,0.7638641602101631,0.36359203012582575,68214.86545198246
355,0.010043863573750393,17,42,164,0.0041440990283810614,0.7848005510303382,0.3131692563529412,76275.83995606023
356,0.010043863573750393,18,41,164,0.0040730032125382435,0.7857946076894925,0.31322823319214615,78276.67064261854
357,0.010043863573750393,19,39,164,0.0038802175632373613,0.7954722403345502,0.29608980781414773,83021.62789740141
358,0.010043863573750393,20,32,164,0.0035331962474634605,0.8089973742228329,0.2796451337273079,89329.38420856991
359,0.010043863573750393,21,28,164,0.0033130398290207824,0.8066658563522021,0.298014355760676,84637.24925213832
360,0.010043863573750393,22,25,164,0.0030566489501652975,0.8112011765447815,0.29769427754865685,89907.2535143439
361,0.010043863573750393,23,25,164,0.0030566489501652975,0.8112011765447815,0.29769427754865685,89907.2535143439
362,0.010043863573750393,24,25,164,0.0030566489501652975,0.8112011765447815,0.29769427754865685,89907.2535143439
363,0.010043863573750393,25,24,164,0.0029436785305596114,0.8221930241634691,0.2696779909382168,93772.30407310318
364,0.012420365903492218,0,363,185,0.012524203442297443,0.6203868980318961,0.34578325558956624,21543.891558057472
365,0.012420365903492218,1,236,185,0.012524203442297441,0.667224762930988,0.4277224506740159,29957.681181527325
366,0.012420365903492218,2,181,185,0.012320671865602189,0.6687118859842264,0.4627506921218297,34143.41685283527
367,0.012420365903492218,3,152,185,0.012079002375048954,0.6710167325548901,0.4798471435020576,37449.56876289642
368,0.012420365903492218,4,127,185,0.011529883578453862,0.686982815951319,0.44035407850649716,42419.31395490801
369,0.012420365903492218,5,118,185,0.011389076558989812,0.6942999985210151,0.44013133348580086,44562.08370962915
370,0.012420365903492218,6,103,185,0.011047924663273099,0.6924479081720804,0.4605190780116766,45831.30773039645
371,0.012420365903492218,7,94,185,0.010784962817438768,0.6951929164153547,0.46422783935746287,46542.645926780264
372,0.012420365903492218,8,81,185,0.010204014685676164,0.7017270293384738,0.45305776177896534,50607.86425077317
373,0.012420365903492218,9,76,185,0.00988742851192502,0.7035677481028759,0.45278225883710216,51572.47757632726
374,0.012420365903492218,10,70,185,0.009637427114264817,0.7040495018889698,0.4613768815127692,53158.42636148488
375,0.012420365903492218,11,67,185,0.00944588953828668,0.7063901241935252,0.4440115342971278,54756.91312507485
376,0.012420365903492218,12,63,185,0.009141098969844275,0.7169183283005561,0.42642422370239663,56893.031297921334
377,0.012420365903492218,13,58,185,0.008726703477775027,0.7273750168174267,0.3968513878116545,58396.827317209376
378,0.012420365903492218,14,56,185,0.008678373049395656,0.7246825269253687,0.4057910536299563,52856.428630262984
379,0.012420365903492218,15,50,185,0.008080316222762464,0.733212561975845,0.38894398707863076,54816.60119710391
380,0.012420365903492218,16,49,185,0.008034693118504972,0.7307617454746328,0.3965898584820363,44380.06624801061
381,0.012420365903492218,17,46,185,0.00776077343808028,0.7430755248542004,0.389433415798329,46889.44855751872
382,0.012420365903492218,18,44,185,0.007620758015712371,0.7422656562308092,0.3916656879929818,48715.548015032306
383,0.012420365903492218,19,44,185,0.007620758015712371,0.7422656562308092,0.3916656879929818,48715.548015032306
384,0.012420365903492218,20,38,185,0.007124250411490502,0.7562036799480543,0.3611327933168937,52774.360206253776
385,0.012420365903492218,21,36,185,0.006989846637402021,0.7548057628240641,0.369087530713414,50589.66880907417
386,0.012420365903492218,22,33,185,0.006731712152690737,0.7619759082448614,0.3549281927848238,51701.24017765952
387,0.012420365903492218,23,31,185,0.006272655466421172,0.7694281305349837,0.3469374453002027,55691.01027803372
388,0.012420365903492218,24,30,185,0.0060423790293183816,0.7769953370337704,0.3353140929557475,58651.54856614957
389,0.012420365903492218,25,29,185,0.005862294706431131,0.778547183657384,0.3324355390239595,61024.63137373541
390,0.015144956613570218,0,290,286,0.01892657596882733,0.6176295015525755,0.36890104145039115,17051.585370913614
391,0.015144956613570218,1,201,286,0.01892657596882733,0.6512984530298632,0.44625236734490836,22551.884740094614
392,0.015144956613570218,2,154,286,0.018691483834342076,0.6565477880823214,0.48026520031275616,25947.513532603974
393,0.015144956613570218,3,122,286,0.01816238232450881,0.6659852822332836,0.4806386570898773,30606.073906856465
394,0.015144956613570218,4,112,286,0.017865516849263803,0.6714773290367861,0.4647519629339248,32439.29095238209
395,0.015144956613570218,5,105,286,0.01745297423725177,0.6760610631427034,0.46107368871346277,33862.78207586771
396,0.015144956613570218,6,92,286,0.017104591545113783,0.6729999485449625,0.48270232769627575,35171.15153236764
397,0.015144956613570218,7,86,286,0.01691675544241372,0.6721053673473376,0.4965704782149121,34683.18841841665
398,0.015144956613570218,8,76,286,0.01642627479888395,0.675872896100168,0.4999532123976216,36496.90220196554
399,0.015144956613570218,9,70,286,0.015910042861477104,0.6860583926048663,0.4570488635212621,39007.74830992065
400,0.015144956613570218,10,69,286,0.01587400095427705,0.6881073299633824,0.4556598284731842,39263.9933529087
401,0.015144956613570218,11,62,286,0.015046013110504066,0.6922667688575345,0.45301674488512295,40448.38858881036
402,0.015144956613570218,12,58,286,0.014499223927423978,0.694874748724489,0.44526341782972345,42968.3362835685
403,0.015144956613570218,13,55,286,0.014182131825724037,0.6925949271923334,0.4510103250720293,43543.141972744896
404,0.015144956613570218,14,53,286,0.014133801397344664,0.6905484133884114,0.4609221380918357,40029.02500769723
405,0.015144956613570218,15,53,286,0.014133801397344664,0.6905484133884114,0.4609221380918357,40029.02500769723
406,0.015144956613570218,16,49,286,0.013491726615754717,0.6917787779795515,0.448129599969772,33966.0925973074
407,0.015144956613570218,17,49,286,0.013491726615754717,0.6917787779795515,0.448129599969772,33966.0925973074
408,0.015144956613570218,18,44,286,0.012411735944800942,0.6917446160918087,0.45374508781341566,36309.16982715546
409,0.015144956613570218,19,44,286,0.012411735944800942,0.6917446160918087,0.45374508781341566,36309.16982715546
410,0.015144956613570218,20,42,286,0.012294423096646101,0.6954927497772538,0.4556810710213665,36830.28446873368
411,0.015144956613570218,21,39,286,0.011758708348102012,0.7261367223821993,0.4071893997245749,39187.424705083096
412,0.015144956613570218,22,38,286,0.011723087855760206,0.7258264744838795,0.41026092689408705,38378.61404054851
413,0.015144956613570218,23,36,286,0.011087077813021718,0.7345601706632009,0.3901005686970637,41454.053570266646
414,0.015144956613570218,24,34,286,0.010766144181490776,0.7310487321002944,0.40049229845520723,41800.453904228714
415,0.015144956613570218,25,33,286,0.010586059858603527,0.7307164032100889,0.4028957306855233,42950.75751626192
416,0.018241425541122198,0,231,291,0.033984876821216176,0.5705728833866658,0.43678549978616915,12213.12795065471
417,0.018241425541122198,1,168,291,0.03398487682121618,0.5965303916821887,0.5153496792303048,15632.194773844845
418,0.018241425541122198,2,132,291,0.03371195073328599,0.6049534321642311,0.5384028197130369,18459.73877134985
419,0.018241425541122198,3,116,291,0.03332745560370606,0.6133072423095852,0.5447900465143776,20152.914350958246
420,0.018241425541122198,4,102,291,0.032498624907715996,0.6259394099699238,0.5278228327951583,22107.243064995815
421,0.018241425541122198,5,96,291,0.0319188119717279,0.628746192373797,0.5048396646852088,22553.11302512138
422,0.018241425541122198,6,85,291,0.03113868726949458,0.6325939086863451,0.4912224671491427,24470.603881375082
423,0.018241425541122198,7,75,291,0.03027120667995186,0.635153571102168,0.48623256804720444,25012.751830923437
424,0.018241425541122198,8,69,291,0.03002969852140184,0.6351616545201654,0.5000529700486217,24730.002895294423
425,0.018241425541122198,9,65,291,0.02949663106351965,0.6389913019871756,0.49892629253158705,25788.330905689534
426,0.018241425541122198,10,61,291,0.028879188513134365,0.6465057465608469,0.48358408169968625,27298.975653333993
427,0.018241425541122198,11,57,291,0.028269241902586936,0.6449058789044878,0.4985421316958385,27014.711822046433
428,0.018241425541122198,12,54,291,0.02790417830354117,0.6413312717979227,0.5136940331588096,27663.474944335136
429,0.018241425541122198,13,52,291,0.02765106344186129,0.6399390047723336,0.5205615915871161,27748.89694531565
430,0.018241425541122198,14,50,291,0.027429335444366196,0.6375597161550938,0.5308847757274558,26054.828606199135
431,0.018241425541122198,15,49,291,0.027340278743626368,0.6357055217119745,0.5394206036031589,25359.023997439588
432,0.018241425541122198,16,48,291,0.02729465563936888,0.6328553515008798,0.5502070362860115,21825.10567870806
433,0.018241425541122198,17,46,291,0.026465758994260333,0.6385001038313023,0.5338672552929801,22501.572774777516
434,0.018241425541122198,18,43,291,0.025909265980737006,0.6474637341290729,0.5129458912748837,23245.01202228644
435,0.018241425541122198,19,41,291,0.025374138893257087,0.64473687816083,0.5219108774198352,23334.49553451094
436,0.018241425541122198,20,40,291,0.02514075091296093,0.6428362050376496,0.5279286680580604,23446.019229978916
437,0.018241425541122198,21,38,291,0.024833125656727507,0.6575932043061176,0.5140765243167662,23793.842396188258
438,0.018241425541122198,22,36,291,0.0244082456374178,0.6544365573838541,0.5266175091325515,23570.034669702636
439,0.018241425541122198,23,36,291,0.0244082456374178,0.6544365573838541,0.5266175091325515,23570.034669702636
440,0.018241425541122198,24,34,291,0.02354048687956384,0.6593933215094958,0.5254760592193902,24986.082853774096
441,0.018241425541122198,25,34,291,0.02354048687956384,0.6593933215094958,0.5254760592193902,24986.082853774096
442,0.021733562523285954,0,196,223,0.04988010335038005,0.5529549904581953,0.46860173903540875,10409.770402111395
443,0.021733562523285954,1,148,223,0.04988010335038005,0.5722318152266008,0.5400742469293209,13003.370909214413
444,0.021733562523285954,2,121,223,0.04967093025932993,0.578083615748994,0.5782500873274623,14884.862738335392
445,0.021733562523285954,3,108,223,0.04923381786324976,0.5884171577131768,0.5733779595971691,16193.161711111503
446,0.021733562523285954,4,95,223,0.0482229868641273,0.5943473712815324,0.5660801664868206,17693.867809646505
447,0.021733562523285954,5,91,223,0.04772698364198324,0.5958833161308632,0.5658428027735359,17746.0732045071
448,0.021733562523285954,6,81,223,0.0469412829089353,0.5982359809728959,0.5532315094581295,18955.94535373041
449,0.021733562523285954,7,74,223,0.04602307543326427,0.6035857778296992,0.5367601083089663,19799.74083671371
450,0.021733562523285954,8,66,223,0.04512458190476901,0.6069499559290947,0.5360262089978619,20352.38616997883
451,0.021733562523285954,9,64,223,0.044762729320984566,0.6064962696705682,0.5413074156032696,20739.5641909486
452,0.021733562523285954,10,61,223,0.04407554590740537,0.6063576568518306,0.5454729170241285,20261.51394941507
453,0.021733562523285954,11,59,223,0.04385830827554338,0.607827781474341,0.550204240525217,19809.999954859486
454,0.021733562523285954,12,56,223,0.04325242157210778,0.610232777884697,0.5537612579063028,20611.551923847168
455,0.021733562523285954,13,53,223,0.042519457481749276,0.6132076323289763,0.5516315443103869,21260.67135156184
456,0.021733562523285954,14,48,223,0.04114285522630031,0.6137044388126979,0.5507533579717855,21035.715070697
457,0.021733562523285954,15,47,223,0.040669146285973776,0.6117109010387897,0.5595231079009058,21078.233037536946
458,0.021733562523285954,16,45,223,0.040520158116112405,0.6074095689201514,0.5761487508190292,18623.989228341445
459,0.021733562523285954,17,45,223,0.040520158116112405,0.6074095689201514,0.5761487508190292,18623.989228341445
460,0.021733562523285954,18,44,223,0.039994248264862746,0.6098668169755849,0.5714557053157354,18785.045218488205
461,0.021733562523285954,19,42,223,0.03890078894674466,0.6086492674398257,0.5795356654796744,19218.872012868662
462,0.021733562523285954,20,42,223,0.03890078894674466,0.6086492674398257,0.5795356654796744,19218.872012868662
463,0.021733562523285954,21,41,223,0.038604912570375016,0.6090729704298383,0.5801792353240997,19384.04097941667
464,0.021733562523285954,22,40,223,0.03797416871865089,0.6071646679760994,0.5882807806049997,19504.04119331073
465,0.021733562523285954,23,39,223,0.03759578426236204,0.6105730019379557,0.5783055791910373,19612.690411980315
466,0.021733562523285954,24,37,223,0.03634052232845517,0.6094746374072161,0.5838852580723172,18420.44585008239
467,0.021733562523285954,25,35,223,0.03541148617769508,0.6049715635641404,0.6013786688098574,18810.01780780858
468,0.025645157397199293,0,150,469,0.06293750979097813,0.5855641295193105,0.4609264564969847,9403.37314792001
469,0.025645157397199293,1,119,469,0.06293750979097815,0.5983038571126461,0.525507373507539,11327.909781153696
470,0.025645157397199293,2,99,469,0.06270013031875801,0.6002865314245548,0.5517719027167559,12889.412518551459
471,0.025645157397199293,3,85,469,0.06200648254256444,0.6234116810262605,0.5313180398546578,14536.399171807287
472,0.025645157397199293,4,79,469,0.06164030954915684,0.6364205865435416,0.512263866813947,15217.154693462286
473,0.025645157397199293,5,73,469,0.060354106742632675,0.63940031209542,0.5001470144520235,15611.670122733385
474,0.025645157397199293,6,68,469,0.05931966276514934,0.6419655381101659,0.4925654694515451,16641.10172828756
475,0.025645157397199293,7,64,469,0.05895799544834658,0.6426351342945128,0.49440046536417004,17359.915815028064
476,0.025645157397199293,8,57,469,0.057612758575197986,0.6490281391184414,0.4720068335529451,17400.967728585885
477,0.025645157397199293,9,55,469,0.05751276992494905,0.6511635303133843,0.4712057033899553,17662.084872699976
478,0.025645157397199293,10,51,469,0.056109636860318876,0.6531389228502616,0.4718600470197363,17856.83478694989
479,0.025645157397199293,11,50,469,0.05596076793263324,0.6522200735918077,0.4770032146246644,17380.152325146577
480,0.025645157397199293,12,50,469,0.05596076793263324,0.6522200735918077,0.4770032146246644,17380.152325146577
481,0.025645157397199293,13,45,469,0.054367228383785646,0.653796549433316,0.4793565691389586,18615.226517404968
482,0.025645157397199293,14,42,469,0.05351561850909612,0.6585995158024213,0.47396351319194896,17998.04437646873
483,0.025645157397199293,15,40,469,0.052696578257190874,0.6570882246521377,0.4824588045997416,18314.097654517413
484,0.025645157397199293,16,39,469,0.05265095515293339,0.6544394324929405,0.49357871682917404,16191.678032912034
485,0.025645157397199293,17,39,469,0.05265095515293339,0.6544394324929405,0.49357871682917404,16191.678032912034
486,0.025645157397199293,18,39,469,0.05265095515293339,0.6544394324929405,0.49357871682917404,16191.678032912034
487,0.025645157397199293,19,38,469,0.05143606068466221,0.6520447848777318,0.5039382927502127,15762.38013348079
488,0.025645157397199293,20,36,469,0.050487857386144454,0.6560674334770303,0.48216746939597765,16296.950440697894
489,0.025645157397199293,21,34,469,0.048992751635062,0.6595106102133115,0.47215466469776973,16561.897329615287
490,0.025645157397199293,22,34,469,0.048992751635062,0.6595106102133115,0.47215466469776973,16561.897329615287
491,0.025645157397199293,23,31,469,0.0468530901367026,0.6665898455164451,0.4581077977550299,17363.604830833618
492,0.025645157397199293,24,28,469,0.0451992748668575,0.6669052567724624,0.46440894261680477,16676.53882836764
493,0.025645157397199293,25,28,469,0.0451992748668575,0.6669052567724624,0.46440894261680477,16676.53882836764
494,0.03000000000000001,0,121,383,0.10643630350942263,0.5048828559488149,0.5097363891064564,7366.089518155245
495,0.03000000000000001,1,98,383,0.10643630350942264,0.5132512526073009,0.5796961439641987,8753.107334443399
496,0.03000000000000001,2,83,383,0.1062198868070126,0.5178569246986312,0.6160296805674601,9930.321059381846
497,0.03000000000000001,3,78,383,0.10579586949270553,0.5184663697048985,0.620793458957678,10286.69545547676
498,0.03000000000000001,4,74,383,0.10550858540334547,0.5274355426546811,0.6100786887570453,10552.659394517697
499,0.03000000000000001,5,69,383,0.10437977431996541,0.5277000268854392,0.6189277260646491,10663.765685689115
500,0.03000000000000001,6,67,383,0.10394074812435031,0.5282319876584568,0.61630916330422,10932.354544688866
501,0.03000000000000001,7,64,383,0.10334616451982462,0.5318538555337308,0.6139538171073686,11313.63239019245
502,0.03000000000000001,8,57,383,0.10091436254360837,0.532290072128482,0.6240953434137436,11740.89514768763
503,0.03000000000000001,9,56,383,0.10056458096645937,0.5336970343253885,0.6171774291293561,11921.981784422689
504,0.03000000000000001,10,53,383,0.0997173520680414,0.5335658038703336,0.6257055902086488,11794.162831041047
505,0.03000000000000001,11,51,383,0.09898990474517759,0.5392817676920664,0.6209874401983907,12054.223120672033
506,0.03000000000000001,12,47,383,0.09641503662557796,0.5443855139606006,0.6086208647522338,12966.699158059777
507,0.03000000000000001,13,45,383,0.09602875684733193,0.5414481371647532,0.6241401297797344,13205.745434524255
508,0.03000000000000001,14,45,383,0.09602875684733193,0.5414481371647532,0.6241401297797344,13205.745434524255
509,0.03000000000000001,15,42,383,0.09449797487449728,0.5428589569239187,0.6306291143022751,12965.368705891957
510,0.03000000000000001,16,41,383,0.09385035295140756,0.5429667622208973,0.6301582144773771,13222.6706128083
511,0.03000000000000001,17,39,383,0.09328565152974075,0.5416344132470725,0.6414584766567947,12074.389343605646
512,0.03000000000000001,18,37,383,0.0922875372006193,0.535768501058992,0.6652752548448213,11103.289303158976
513,0.03000000000000001,19,36,383,0.09058528825848594,0.5416535456173718,0.658677274216975,11306.421395484775
514,0.03000000000000001,20,35,383,0.09011449477785902,0.5537569025790321,0.6477611735993605,11528.977021678353
515,0.03000000000000001,21,33,383,0.08783617004979938,0.5550499919974153,0.6433617759490378,11395.8429544596
516,0.03000000000000001,22,33,383,0.08783617004979938,0.5550499919974153,0.6433617759490378,11395.8429544596
517,0.03000000000000001,23,30,383,0.08569650855143998,0.5578891212832586,0.640925871490393,11859.239654582572
518,0.03000000000000001,24,30,383,0.08569650855143998,0.5578891212832586,0.640925871490393,11859.239654582572
519,0.03000000000000001,25,28,383,0.0828542091538732,0.5679396841897261,0.6014764702200949,11356.207294555026
