﻿objectid;name;folderpath;st_area_shape_;st_length_shape_
1;Mancha Acari;Mancha Acari.kmz;;
2;PLINHA-1;JardimMaravilha.kml;;
3;PLINHA-1;MANCHA RECORRENTES.kml;;
4;PLINHA-2;MANCHA RECORRENTES.kml;;
5;PLINHA-3;MANCHA RECORRENTES.kml;;
6;PLINHA-4;MANCHA RECORRENTES.kml;;
7;PLINHA-5;MANCHA RECORRENTES.kml;;
8;PLINHA-6;MANCHA RECORRENTES.kml;;
9;PLINHA-7;MANCHA RECORRENTES.kml;;
10;PLINHA-8;MANCHA RECORRENTES.kml;;
11;PLINHA-9;MANCHA RECORRENTES.kml;;
12;PLINHA-10;MANCHA RECORRENTES.kml;;
13;PLINHA-11;MANCHA RECORRENTES.kml;;
14;PLINHA-12;MANCHA RECORRENTES.kml;;
15;PLINHA-13;MANCHA RECORRENTES.kml;;
16;PLINHA-14;MANCHA RECORRENTES.kml;;
17;PLINHA-15;MANCHA RECORRENTES.kml;;
18;PLINHA-16;MANCHA RECORRENTES.kml;;
19;PLINHA-17;MANCHA RECORRENTES.kml;;
20;PLINHA-18;MANCHA RECORRENTES.kml;;
21;PLINHA-19;MANCHA RECORRENTES.kml;;
22;PLINHA-20;MANCHA RECORRENTES.kml;;
23;PLINHA-21;MANCHA RECORRENTES.kml;;
24;PLINHA-22;MANCHA RECORRENTES.kml;;
25;PLINHA-23;MANCHA RECORRENTES.kml;;
26;PLINHA-24;MANCHA RECORRENTES.kml;;
27;PLINHA-25;MANCHA RECORRENTES.kml;;
28;PLINHA-26;MANCHA RECORRENTES.kml;;
29;PLINHA-27;MANCHA RECORRENTES.kml;;
30;PLINHA-28;MANCHA RECORRENTES.kml;;
31;PLINHA-29;MANCHA RECORRENTES.kml;;
32;PLINHA-30;MANCHA RECORRENTES.kml;;
33;PLINHA-31;MANCHA RECORRENTES.kml;;
34;PLINHA-32;MANCHA RECORRENTES.kml;;
35;PLINHA-33;MANCHA RECORRENTES.kml;;
36;PLINHA-34;MANCHA RECORRENTES.kml;;
37;PLINHA-36;MANCHA RECORRENTES.kml;;
38;PLINHA-37;MANCHA RECORRENTES.kml;;
39;PLINHA-38;MANCHA RECORRENTES.kml;;
40;PLINHA-39;MANCHA RECORRENTES.kml;;
61;PLINHA-60;MANCHA RECORRENTES.kml;;
41;PLINHA-40;MANCHA RECORRENTES.kml;;
42;PLINHA-41;MANCHA RECORRENTES.kml;;
43;PLINHA-42;MANCHA RECORRENTES.kml;;
44;PLINHA-43;MANCHA RECORRENTES.kml;;
45;PLINHA-44;MANCHA RECORRENTES.kml;;
46;PLINHA-45;MANCHA RECORRENTES.kml;;
47;PLINHA-46;MANCHA RECORRENTES.kml;;
48;PLINHA-47;MANCHA RECORRENTES.kml;;
49;PLINHA-48;MANCHA RECORRENTES.kml;;
50;PLINHA-49;MANCHA RECORRENTES.kml;;
51;PLINHA-50;MANCHA RECORRENTES.kml;;
52;PLINHA-51;MANCHA RECORRENTES.kml;;
53;PLINHA-52;MANCHA RECORRENTES.kml;;
54;PLINHA-53;MANCHA RECORRENTES.kml;;
55;PLINHA-54;MANCHA RECORRENTES.kml;;
56;PLINHA-55;MANCHA RECORRENTES.kml;;
57;PLINHA-56;MANCHA RECORRENTES.kml;;
58;PLINHA-57;MANCHA RECORRENTES.kml;;
59;PLINHA-58;MANCHA RECORRENTES.kml;;
60;PLINHA-59;MANCHA RECORRENTES.kml;;
62;PLINHA-61;MANCHA RECORRENTES.kml;;
63;PLINHA-62;MANCHA RECORRENTES.kml;;
64;PLINHA-63;MANCHA RECORRENTES.kml;;
65;PLINHA-64;MANCHA RECORRENTES.kml;;
66;PLINHA-65;MANCHA RECORRENTES.kml;;
67;PLINHA-66;MANCHA RECORRENTES.kml;;
68;PLINHA-67;MANCHA RECORRENTES.kml;;
69;PLINHA-68;MANCHA RECORRENTES.kml;;
70;PLINHA-69;MANCHA RECORRENTES.kml;;
71;PLINHA-70;MANCHA RECORRENTES.kml;;
72;PLINHA-71;MANCHA RECORRENTES.kml;;
73;PLINHA-72;MANCHA RECORRENTES.kml;;
74;PLINHA-73;MANCHA RECORRENTES.kml;;
75;PLINHA-74;MANCHA RECORRENTES.kml;;
76;PLINHA-75;MANCHA RECORRENTES.kml;;
77;PLINHA-76;MANCHA RECORRENTES.kml;;
78;PLINHA-77;MANCHA RECORRENTES.kml;;
79;PLINHA-78;MANCHA RECORRENTES.kml;;
80;PLINHA-79;MANCHA RECORRENTES.kml;;
81;PLINHA-80;MANCHA RECORRENTES.kml;;
82;PLINHA-81;MANCHA RECORRENTES.kml;;
83;PLINHA-82;MANCHA RECORRENTES.kml;;
84;PLINHA-83;MANCHA RECORRENTES.kml;;
85;PLINHA-84;MANCHA RECORRENTES.kml;;
86;PLINHA-85;MANCHA RECORRENTES.kml;;
87;PLINHA-86;MANCHA RECORRENTES.kml;;
88;PLINHA-87;MANCHA RECORRENTES.kml;;
89;PLINHA-88;MANCHA RECORRENTES.kml;;
90;PLINHA-89;MANCHA RECORRENTES.kml;;
91;PLINHA-90;MANCHA RECORRENTES.kml;;
92;PLINHA-91;MANCHA RECORRENTES.kml;;
93;PLINHA-92;MANCHA RECORRENTES.kml;;
94;PLINHA-93;MANCHA RECORRENTES.kml;;
95;PLINHA-94;MANCHA RECORRENTES.kml;;
96;PLINHA-95;MANCHA RECORRENTES.kml;;
97;PLINHA-97;MANCHA RECORRENTES.kml;;
98;PLINHA-98;MANCHA RECORRENTES.kml;;
99;PLINHA-99;MANCHA RECORRENTES.kml;;
100;PLINHA-100;MANCHA RECORRENTES.kml;;
101;PLINHA-101;MANCHA RECORRENTES.kml;;
102;PLINHA-102;MANCHA RECORRENTES.kml;;
103;PLINHA-103;MANCHA RECORRENTES.kml;;
104;PLINHA-104;MANCHA RECORRENTES.kml;;
105;PLINHA-105;MANCHA RECORRENTES.kml;;
106;PLINHA-106;MANCHA RECORRENTES.kml;;
107;PLINHA-107;MANCHA RECORRENTES.kml;;
108;PLINHA-108;MANCHA RECORRENTES.kml;;
109;PLINHA-109;MANCHA RECORRENTES.kml;;
110;PLINHA-110;MANCHA RECORRENTES.kml;;
111;PLINHA-111;MANCHA RECORRENTES.kml;;
112;PLINHA-112;MANCHA RECORRENTES.kml;;
113;PLINHA-113;MANCHA RECORRENTES.kml;;
114;PLINHA-114;MANCHA RECORRENTES.kml;;
115;PLINHA-115;MANCHA RECORRENTES.kml;;
116;PLINHA-116;MANCHA RECORRENTES.kml;;
117;PLINHA-117;MANCHA RECORRENTES.kml;;
118;PLINHA-118;MANCHA RECORRENTES.kml;;
119;PLINHA-119;MANCHA RECORRENTES.kml;;
120;PLINHA-120;MANCHA RECORRENTES.kml;;
121;PLINHA-121;MANCHA RECORRENTES.kml;;
139;PLINHA-139;MANCHA RECORRENTES.kml;;
140;PLINHA-140;MANCHA RECORRENTES.kml;;
154;PLINHA-154;MANCHA RECORRENTES.kml;;
122;PLINHA-122;MANCHA RECORRENTES.kml;;
123;PLINHA-123;MANCHA RECORRENTES.kml;;
124;PLINHA-124;MANCHA RECORRENTES.kml;;
125;PLINHA-125;MANCHA RECORRENTES.kml;;
126;PLINHA-126;MANCHA RECORRENTES.kml;;
127;PLINHA-127;MANCHA RECORRENTES.kml;;
128;PLINHA-128;MANCHA RECORRENTES.kml;;
129;PLINHA-129;MANCHA RECORRENTES.kml;;
130;PLINHA-130;MANCHA RECORRENTES.kml;;
131;PLINHA-131;MANCHA RECORRENTES.kml;;
132;PLINHA-132;MANCHA RECORRENTES.kml;;
133;PLINHA-133;MANCHA RECORRENTES.kml;;
134;PLINHA-134;MANCHA RECORRENTES.kml;;
135;PLINHA-135;MANCHA RECORRENTES.kml;;
136;PLINHA-136;MANCHA RECORRENTES.kml;;
137;PLINHA-137;MANCHA RECORRENTES.kml;;
138;PLINHA-138;MANCHA RECORRENTES.kml;;
141;PLINHA-141;MANCHA RECORRENTES.kml;;
142;PLINHA-142;MANCHA RECORRENTES.kml;;
143;PLINHA-143;MANCHA RECORRENTES.kml;;
144;PLINHA-144;MANCHA RECORRENTES.kml;;
145;PLINHA-145;MANCHA RECORRENTES.kml;;
146;PLINHA-146;MANCHA RECORRENTES.kml;;
147;PLINHA-147;MANCHA RECORRENTES.kml;;
148;PLINHA-148;MANCHA RECORRENTES.kml;;
149;PLINHA-149;MANCHA RECORRENTES.kml;;
150;PLINHA-150;MANCHA RECORRENTES.kml;;
151;PLINHA-151;MANCHA RECORRENTES.kml;;
152;PLINHA-152;MANCHA RECORRENTES.kml;;
153;PLINHA-153;MANCHA RECORRENTES.kml;;
155;PLINHA-155;MANCHA RECORRENTES.kml;;
156;PLINHA-156;MANCHA RECORRENTES.kml;;
157;PLINHA-157;MANCHA RECORRENTES.kml;;
158;PLINHA-158;MANCHA RECORRENTES.kml;;
159;PLINHA-159;MANCHA RECORRENTES.kml;;
160;PLINHA-160;MANCHA RECORRENTES.kml;;
161;PLINHA-161;MANCHA RECORRENTES.kml;;
162;PLINHA-162;MANCHA RECORRENTES.kml;;
163;PLINHA-163;MANCHA RECORRENTES.kml;;
164;PLINHA-164;MANCHA RECORRENTES.kml;;
165;PLINHA-165;MANCHA RECORRENTES.kml;;
166;PLINHA-166;MANCHA RECORRENTES.kml;;
167;PLINHA-167;MANCHA RECORRENTES.kml;;
168;PLINHA-168;MANCHA RECORRENTES.kml;;
169;PLINHA-169;MANCHA RECORRENTES.kml;;
170;PLINHA-170;MANCHA RECORRENTES.kml;;
171;PLINHA-171;MANCHA RECORRENTES.kml;;
172;PLINHA-172;MANCHA RECORRENTES.kml;;
173;PLINHA-173;MANCHA RECORRENTES.kml;;
174;PLINHA-174;MANCHA RECORRENTES.kml;;
197;PLINHA-197;MANCHA RECORRENTES.kml;;
254;PLINHA-254;MANCHA RECORRENTES.kml;;
175;PLINHA-175;MANCHA RECORRENTES.kml;;
176;PLINHA-176;MANCHA RECORRENTES.kml;;
177;PLINHA-177;MANCHA RECORRENTES.kml;;
178;PLINHA-178;MANCHA RECORRENTES.kml;;
179;PLINHA-179;MANCHA RECORRENTES.kml;;
180;PLINHA-180;MANCHA RECORRENTES.kml;;
181;PLINHA-181;MANCHA RECORRENTES.kml;;
182;PLINHA-182;MANCHA RECORRENTES.kml;;
183;PLINHA-183;MANCHA RECORRENTES.kml;;
184;PLINHA-184;MANCHA RECORRENTES.kml;;
185;PLINHA-185;MANCHA RECORRENTES.kml;;
186;PLINHA-186;MANCHA RECORRENTES.kml;;
187;PLINHA-187;MANCHA RECORRENTES.kml;;
188;PLINHA-188;MANCHA RECORRENTES.kml;;
189;PLINHA-189;MANCHA RECORRENTES.kml;;
190;PLINHA-190;MANCHA RECORRENTES.kml;;
191;PLINHA-191;MANCHA RECORRENTES.kml;;
192;PLINHA-192;MANCHA RECORRENTES.kml;;
193;PLINHA-193;MANCHA RECORRENTES.kml;;
194;PLINHA-194;MANCHA RECORRENTES.kml;;
195;PLINHA-195;MANCHA RECORRENTES.kml;;
196;PLINHA-196;MANCHA RECORRENTES.kml;;
198;PLINHA-198;MANCHA RECORRENTES.kml;;
199;PLINHA-199;MANCHA RECORRENTES.kml;;
200;PLINHA-200;MANCHA RECORRENTES.kml;;
201;PLINHA-201;MANCHA RECORRENTES.kml;;
202;PLINHA-202;MANCHA RECORRENTES.kml;;
203;PLINHA-203;MANCHA RECORRENTES.kml;;
204;PLINHA-204;MANCHA RECORRENTES.kml;;
205;PLINHA-205;MANCHA RECORRENTES.kml;;
206;PLINHA-206;MANCHA RECORRENTES.kml;;
207;PLINHA-207;MANCHA RECORRENTES.kml;;
208;PLINHA-208;MANCHA RECORRENTES.kml;;
209;PLINHA-209;MANCHA RECORRENTES.kml;;
210;PLINHA-210;MANCHA RECORRENTES.kml;;
211;PLINHA-211;MANCHA RECORRENTES.kml;;
212;PLINHA-212;MANCHA RECORRENTES.kml;;
213;PLINHA-213;MANCHA RECORRENTES.kml;;
214;PLINHA-214;MANCHA RECORRENTES.kml;;
215;PLINHA-215;MANCHA RECORRENTES.kml;;
216;PLINHA-216;MANCHA RECORRENTES.kml;;
217;PLINHA-217;MANCHA RECORRENTES.kml;;
218;PLINHA-218;MANCHA RECORRENTES.kml;;
219;PLINHA-219;MANCHA RECORRENTES.kml;;
220;PLINHA-220;MANCHA RECORRENTES.kml;;
221;PLINHA-221;MANCHA RECORRENTES.kml;;
222;PLINHA-222;MANCHA RECORRENTES.kml;;
223;PLINHA-223;MANCHA RECORRENTES.kml;;
224;PLINHA-224;MANCHA RECORRENTES.kml;;
225;PLINHA-225;MANCHA RECORRENTES.kml;;
226;PLINHA-226;MANCHA RECORRENTES.kml;;
227;PLINHA-227;MANCHA RECORRENTES.kml;;
228;PLINHA-228;MANCHA RECORRENTES.kml;;
229;PLINHA-229;MANCHA RECORRENTES.kml;;
230;PLINHA-230;MANCHA RECORRENTES.kml;;
231;PLINHA-231;MANCHA RECORRENTES.kml;;
232;PLINHA-232;MANCHA RECORRENTES.kml;;
233;PLINHA-233;MANCHA RECORRENTES.kml;;
234;PLINHA-234;MANCHA RECORRENTES.kml;;
235;PLINHA-235;MANCHA RECORRENTES.kml;;
236;PLINHA-236;MANCHA RECORRENTES.kml;;
237;PLINHA-237;MANCHA RECORRENTES.kml;;
238;PLINHA-238;MANCHA RECORRENTES.kml;;
239;PLINHA-239;MANCHA RECORRENTES.kml;;
240;PLINHA-240;MANCHA RECORRENTES.kml;;
241;PLINHA-241;MANCHA RECORRENTES.kml;;
242;PLINHA-242;MANCHA RECORRENTES.kml;;
243;PLINHA-243;MANCHA RECORRENTES.kml;;
244;PLINHA-244;MANCHA RECORRENTES.kml;;
245;PLINHA-245;MANCHA RECORRENTES.kml;;
246;PLINHA-246;MANCHA RECORRENTES.kml;;
247;PLINHA-247;MANCHA RECORRENTES.kml;;
248;PLINHA-248;MANCHA RECORRENTES.kml;;
249;PLINHA-249;MANCHA RECORRENTES.kml;;
250;PLINHA-250;MANCHA RECORRENTES.kml;;
251;PLINHA-251;MANCHA RECORRENTES.kml;;
252;PLINHA-252;MANCHA RECORRENTES.kml;;
253;PLINHA-253;MANCHA RECORRENTES.kml;;
255;PLINHA-255;MANCHA RECORRENTES.kml;;
256;PLINHA-256;MANCHA RECORRENTES.kml;;
257;PLINHA-257;MANCHA RECORRENTES.kml;;
258;PLINHA-258;MANCHA RECORRENTES.kml;;
259;PLINHA-260;MANCHA RECORRENTES.kml;;
260;PLINHA-261;MANCHA RECORRENTES.kml;;
261;PLINHA-262;MANCHA RECORRENTES.kml;;
262;PLINHA-263;MANCHA RECORRENTES.kml;;
263;PLINHA-264;MANCHA RECORRENTES.kml;;
264;PLINHA-265;MANCHA RECORRENTES.kml;;
265;PLINHA-266;MANCHA RECORRENTES.kml;;
266;PLINHA-267;MANCHA RECORRENTES.kml;;
267;PLINHA-268;MANCHA RECORRENTES.kml;;
268;PLINHA-269;MANCHA RECORRENTES.kml;;
269;PLINHA-270;MANCHA RECORRENTES.kml;;
270;PLINHA-272;MANCHA RECORRENTES.kml;;
271;PLINHA-273;MANCHA RECORRENTES.kml;;
272;PLINHA-274;MANCHA RECORRENTES.kml;;
273;PLINHA-277;MANCHA RECORRENTES.kml;;
274;PLINHA-279;MANCHA RECORRENTES.kml;;
275;PLINHA-280;MANCHA RECORRENTES.kml;;
276;PLINHA-281;MANCHA RECORRENTES.kml;;
277;PLINHA-282;MANCHA RECORRENTES.kml;;
278;PLINHA-283;MANCHA RECORRENTES.kml;;
279;PLINHA-284;MANCHA RECORRENTES.kml;;
280;PLINHA-285;MANCHA RECORRENTES.kml;;
281;PLINHA-286;MANCHA RECORRENTES.kml;;
282;PLINHA-288;MANCHA RECORRENTES.kml;;
283;PLINHA-289;MANCHA RECORRENTES.kml;;
284;PLINHA-290;MANCHA RECORRENTES.kml;;
285;PLINHA-291;MANCHA RECORRENTES.kml;;
286;PLINHA-292;MANCHA RECORRENTES.kml;;
287;PLINHA-293;MANCHA RECORRENTES.kml;;
288;PLINHA-294;MANCHA RECORRENTES.kml;;
289;PLINHA-295;MANCHA RECORRENTES.kml;;
290;PLINHA-296;MANCHA RECORRENTES.kml;;
291;PLINHA-297;MANCHA RECORRENTES.kml;;
292;PLINHA-298;MANCHA RECORRENTES.kml;;
293;PLINHA-299;MANCHA RECORRENTES.kml;;
294;PLINHA-300;MANCHA RECORRENTES.kml;;
295;PLINHA-301;MANCHA RECORRENTES.kml;;
296;PLINHA-303;MANCHA RECORRENTES.kml;;
297;PLINHA-304;MANCHA RECORRENTES.kml;;
298;PLINHA-305;MANCHA RECORRENTES.kml;;
299;PLINHA-306;MANCHA RECORRENTES.kml;;
300;PLINHA-307;MANCHA RECORRENTES.kml;;
301;PLINHA-308;MANCHA RECORRENTES.kml;;
302;PLINHA-309;MANCHA RECORRENTES.kml;;
303;PLINHA-310;MANCHA RECORRENTES.kml;;
304;PLINHA-311;MANCHA RECORRENTES.kml;;
305;PLINHA-312;MANCHA RECORRENTES.kml;;
306;PLINHA-313;MANCHA RECORRENTES.kml;;
307;PLINHA-314;MANCHA RECORRENTES.kml;;
308;PLINHA-315;MANCHA RECORRENTES.kml;;
309;PLINHA-316;MANCHA RECORRENTES.kml;;
310;PLINHA-317;MANCHA RECORRENTES.kml;;
311;PLINHA-318;MANCHA RECORRENTES.kml;;
312;PLINHA-319;MANCHA RECORRENTES.kml;;
313;PLINHA-320;MANCHA RECORRENTES.kml;;
314;PLINHA-321;MANCHA RECORRENTES.kml;;
315;PLINHA-322;MANCHA RECORRENTES.kml;;
316;PLINHA-323;MANCHA RECORRENTES.kml;;
317;PLINHA-324;MANCHA RECORRENTES.kml;;
318;PLINHA-325;MANCHA RECORRENTES.kml;;
319;PLINHA-327;MANCHA RECORRENTES.kml;;
320;PLINHA-328;MANCHA RECORRENTES.kml;;
321;PLINHA-329;MANCHA RECORRENTES.kml;;
322;PLINHA-330;MANCHA RECORRENTES.kml;;
323;PLINHA-331;MANCHA RECORRENTES.kml;;
324;PLINHA-332;MANCHA RECORRENTES.kml;;
325;PLINHA-333;MANCHA RECORRENTES.kml;;
326;PLINHA-334;MANCHA RECORRENTES.kml;;
327;PLINHA-335;MANCHA RECORRENTES.kml;;
328;PLINHA-336;MANCHA RECORRENTES.kml;;
329;PLINHA-337;MANCHA RECORRENTES.kml;;
330;PLINHA-338;MANCHA RECORRENTES.kml;;
331;PLINHA-339;MANCHA RECORRENTES.kml;;
332;PLINHA-340;MANCHA RECORRENTES.kml;;
333;PLINHA-341;MANCHA RECORRENTES.kml;;
334;PLINHA-342;MANCHA RECORRENTES.kml;;
335;PLINHA-343;MANCHA RECORRENTES.kml;;
336;PLINHA-344;MANCHA RECORRENTES.kml;;
337;PLINHA-345;MANCHA RECORRENTES.kml;;
338;PLINHA-346;MANCHA RECORRENTES.kml;;
339;PLINHA-347;MANCHA RECORRENTES.kml;;
340;PLINHA-348;MANCHA RECORRENTES.kml;;
341;PLINHA-349;MANCHA RECORRENTES.kml;;
342;PLINHA-350;MANCHA RECORRENTES.kml;;
343;PLINHA-351;MANCHA RECORRENTES.kml;;
344;PLINHA-352;MANCHA RECORRENTES.kml;;
345;PLINHA-353;MANCHA RECORRENTES.kml;;
346;PLINHA-354;MANCHA RECORRENTES.kml;;
347;PLINHA-355;MANCHA RECORRENTES.kml;;
348;PLINHA-356;MANCHA RECORRENTES.kml;;
349;PLINHA-357;MANCHA RECORRENTES.kml;;
350;PLINHA-358;MANCHA RECORRENTES.kml;;
351;PLINHA-359;MANCHA RECORRENTES.kml;;
352;PLINHA-360;MANCHA RECORRENTES.kml;;
353;PLINHA-361;MANCHA RECORRENTES.kml;;
354;PLINHA-362;MANCHA RECORRENTES.kml;;
355;PLINHA-363;MANCHA RECORRENTES.kml;;
356;PLINHA-364;MANCHA RECORRENTES.kml;;
357;PLINHA-365;MANCHA RECORRENTES.kml;;
358;PLINHA-366;MANCHA RECORRENTES.kml;;
359;PLINHA-367;MANCHA RECORRENTES.kml;;
360;PLINHA-368;MANCHA RECORRENTES.kml;;
361;PLINHA-369;MANCHA RECORRENTES.kml;;
362;PLINHA-370;MANCHA RECORRENTES.kml;;
363;PLINHA-371;MANCHA RECORRENTES.kml;;
364;PLINHA-372;MANCHA RECORRENTES.kml;;
365;PLINHA-373;MANCHA RECORRENTES.kml;;
366;PLINHA-374;MANCHA RECORRENTES.kml;;
367;PLINHA-375;MANCHA RECORRENTES.kml;;
368;PLINHA-376;MANCHA RECORRENTES.kml;;
369;PLINHA-377;MANCHA RECORRENTES.kml;;
370;PLINHA-378;MANCHA RECORRENTES.kml;;
371;PLINHA-379;MANCHA RECORRENTES.kml;;
372;PLINHA-380;MANCHA RECORRENTES.kml;;
373;PLINHA-381;MANCHA RECORRENTES.kml;;
374;PLINHA-382;MANCHA RECORRENTES.kml;;
375;PLINHA-383;MANCHA RECORRENTES.kml;;
376;PLINHA-385;MANCHA RECORRENTES.kml;;
377;PLINHA-386;MANCHA RECORRENTES.kml;;
378;PLINHA-387;MANCHA RECORRENTES.kml;;
379;PLINHA-388;MANCHA RECORRENTES.kml;;
380;PLINHA-389;MANCHA RECORRENTES.kml;;
381;PLINHA-390;MANCHA RECORRENTES.kml;;
382;PLINHA-391;MANCHA RECORRENTES.kml;;
383;PLINHA-392;MANCHA RECORRENTES.kml;;
384;PLINHA-393;MANCHA RECORRENTES.kml;;
385;PLINHA-394;MANCHA RECORRENTES.kml;;
386;PLINHA-395;MANCHA RECORRENTES.kml;;
387;PLINHA-396;MANCHA RECORRENTES.kml;;
388;PLINHA-397;MANCHA RECORRENTES.kml;;
389;PLINHA-398;MANCHA RECORRENTES.kml;;
390;PLINHA-399;MANCHA RECORRENTES.kml;;
391;PLINHA-400;MANCHA RECORRENTES.kml;;
392;PLINHA-401;MANCHA RECORRENTES.kml;;
393;PLINHA-402;MANCHA RECORRENTES.kml;;
394;PLINHA-403;MANCHA RECORRENTES.kml;;
395;PLINHA-404;MANCHA RECORRENTES.kml;;
396;PLINHA-405;MANCHA RECORRENTES.kml;;
397;PLINHA-406;MANCHA RECORRENTES.kml;;
398;PLINHA-407;MANCHA RECORRENTES.kml;;
399;PLINHA-408;MANCHA RECORRENTES.kml;;
400;PLINHA-409;MANCHA RECORRENTES.kml;;
401;PLINHA-410;MANCHA RECORRENTES.kml;;
402;PLINHA-411;MANCHA RECORRENTES.kml;;
403;PLINHA-412;MANCHA RECORRENTES.kml;;
404;PLINHA-413;MANCHA RECORRENTES.kml;;
405;PLINHA-414;MANCHA RECORRENTES.kml;;
406;PLINHA-415;MANCHA RECORRENTES.kml;;
407;PLINHA-416;MANCHA RECORRENTES.kml;;
408;PLINHA-417;MANCHA RECORRENTES.kml;;
409;PLINHA-418;MANCHA RECORRENTES.kml;;
410;PLINHA-419;MANCHA RECORRENTES.kml;;
411;PLINHA-420;MANCHA RECORRENTES.kml;;
412;PLINHA-421;MANCHA RECORRENTES.kml;;
413;PLINHA-422;MANCHA RECORRENTES.kml;;
414;PLINHA-423;MANCHA RECORRENTES.kml;;
415;PLINHA-424;MANCHA RECORRENTES.kml;;
416;PLINHA-425;MANCHA RECORRENTES.kml;;
417;PLINHA-426;MANCHA RECORRENTES.kml;;
418;PLINHA-427;MANCHA RECORRENTES.kml;;
419;PLINHA-428;MANCHA RECORRENTES.kml;;
420;PLINHA-429;MANCHA RECORRENTES.kml;;
421;PLINHA-430;MANCHA RECORRENTES.kml;;
422;PLINHA-431;MANCHA RECORRENTES.kml;;
423;PLINHA-432;MANCHA RECORRENTES.kml;;
424;PLINHA-433;MANCHA RECORRENTES.kml;;
425;PLINHA-434;MANCHA RECORRENTES.kml;;
426;PLINHA-435;MANCHA RECORRENTES.kml;;
427;PLINHA-436;MANCHA RECORRENTES.kml;;
428;PLINHA-437;MANCHA RECORRENTES.kml;;
429;PLINHA-438;MANCHA RECORRENTES.kml;;
430;PLINHA-439;MANCHA RECORRENTES.kml;;
431;PLINHA-440;MANCHA RECORRENTES.kml;;
432;PLINHA-441;MANCHA RECORRENTES.kml;;
433;PLINHA-442;MANCHA RECORRENTES.kml;;
434;PLINHA-443;MANCHA RECORRENTES.kml;;
435;PLINHA-444;MANCHA RECORRENTES.kml;;
436;PLINHA-445;MANCHA RECORRENTES.kml;;
437;PLINHA-446;MANCHA RECORRENTES.kml;;
438;PLINHA-447;MANCHA RECORRENTES.kml;;
439;PLINHA-448;MANCHA RECORRENTES.kml;;
440;PLINHA-449;MANCHA RECORRENTES.kml;;
441;PLINHA-450;MANCHA RECORRENTES.kml;;
442;PLINHA-451;MANCHA RECORRENTES.kml;;
443;PLINHA-452;MANCHA RECORRENTES.kml;;
444;PLINHA-453;MANCHA RECORRENTES.kml;;
445;PLINHA-454;MANCHA RECORRENTES.kml;;
446;PLINHA-455;MANCHA RECORRENTES.kml;;
447;PLINHA-456;MANCHA RECORRENTES.kml;;
448;PLINHA-457;MANCHA RECORRENTES.kml;;
449;PLINHA-458;MANCHA RECORRENTES.kml;;
450;PLINHA-459;MANCHA RECORRENTES.kml;;
451;PLINHA-460;MANCHA RECORRENTES.kml;;
452;PLINHA-461;MANCHA RECORRENTES.kml;;
453;PLINHA-462;MANCHA RECORRENTES.kml;;
454;PLINHA-463;MANCHA RECORRENTES.kml;;
455;PLINHA-464;MANCHA RECORRENTES.kml;;
456;PLINHA-465;MANCHA RECORRENTES.kml;;
457;PLINHA-466;MANCHA RECORRENTES.kml;;
458;PLINHA-467;MANCHA RECORRENTES.kml;;
459;PLINHA-468;MANCHA RECORRENTES.kml;;
460;PLINHA-469;MANCHA RECORRENTES.kml;;
461;PLINHA-470;MANCHA RECORRENTES.kml;;
462;PLINHA-471;MANCHA RECORRENTES.kml;;
463;PLINHA-472;MANCHA RECORRENTES.kml;;
483;PLINHA-492;MANCHA RECORRENTES.kml;;
484;PLINHA-493;MANCHA RECORRENTES.kml;;
485;PLINHA-494;MANCHA RECORRENTES.kml;;
464;PLINHA-473;MANCHA RECORRENTES.kml;;
465;PLINHA-474;MANCHA RECORRENTES.kml;;
466;PLINHA-475;MANCHA RECORRENTES.kml;;
467;PLINHA-476;MANCHA RECORRENTES.kml;;
468;PLINHA-477;MANCHA RECORRENTES.kml;;
469;PLINHA-478;MANCHA RECORRENTES.kml;;
470;PLINHA-479;MANCHA RECORRENTES.kml;;
471;PLINHA-480;MANCHA RECORRENTES.kml;;
472;PLINHA-481;MANCHA RECORRENTES.kml;;
473;PLINHA-482;MANCHA RECORRENTES.kml;;
474;PLINHA-483;MANCHA RECORRENTES.kml;;
475;PLINHA-484;MANCHA RECORRENTES.kml;;
476;PLINHA-485;MANCHA RECORRENTES.kml;;
477;PLINHA-486;MANCHA RECORRENTES.kml;;
478;PLINHA-487;MANCHA RECORRENTES.kml;;
479;PLINHA-488;MANCHA RECORRENTES.kml;;
480;PLINHA-489;MANCHA RECORRENTES.kml;;
481;PLINHA-490;MANCHA RECORRENTES.kml;;
482;PLINHA-491;MANCHA RECORRENTES.kml;;
486;PLINHA-495;MANCHA RECORRENTES.kml;;
487;PLINHA-496;MANCHA RECORRENTES.kml;;
488;PLINHA-497;MANCHA RECORRENTES.kml;;
489;PLINHA-498;MANCHA RECORRENTES.kml;;
490;PLINHA-499;MANCHA RECORRENTES.kml;;
491;PLINHA-500;MANCHA RECORRENTES.kml;;
492;PLINHA-501;MANCHA RECORRENTES.kml;;
493;PLINHA-502;MANCHA RECORRENTES.kml;;
494;PLINHA-503;MANCHA RECORRENTES.kml;;
495;PLINHA-504;MANCHA RECORRENTES.kml;;
496;PLINHA-505;MANCHA RECORRENTES.kml;;
497;PLINHA-506;MANCHA RECORRENTES.kml;;
498;PLINHA-507;MANCHA RECORRENTES.kml;;
499;PLINHA-508;MANCHA RECORRENTES.kml;;
500;PLINHA-509;MANCHA RECORRENTES.kml;;
501;PLINHA-510;MANCHA RECORRENTES.kml;;
502;PLINHA-511;MANCHA RECORRENTES.kml;;
503;PLINHA-512;MANCHA RECORRENTES.kml;;
504;PLINHA-513;MANCHA RECORRENTES.kml;;
505;PLINHA-514;MANCHA RECORRENTES.kml;;
506;PLINHA-515;MANCHA RECORRENTES.kml;;
507;PLINHA-516;MANCHA RECORRENTES.kml;;
508;PLINHA-517;MANCHA RECORRENTES.kml;;
509;PLINHA-518;MANCHA RECORRENTES.kml;;
