"Áreas de Planejamento,Regiões de Planejamento, Regiões Administrativas e bairros",Total_x,Coletado,Coletado por Serviço de limpeza,Coletado por Caçamba de serviço de limpeza,Outro destino,Total_y,Tinham banheiro,1 banheiro,2 banheiros,3 banheiros,4 banheiros ou mais,Não tinham banheiro,Total_x,Tinham energia eletrica,Companhia distribuidora,Outra fonte,Não tinham,Total_y,Tinham banheiro exclusivo,Rede Geral de Esgoto ou pluvial,Fossa Séptica,Fossa Rudmentar,Vala,"Rio, lago ou mar",Outro,Sanitário cujo esgotamento é feito por:,Rede Geral de Esgoto ou pluvial,Fossa Séptica,Fossa Rudmentar,Vala,"Rio, lago ou mar",Outro,Não tinham banheiro ou sanitário
Total ,2144445.0,2128390.0,1824785.0,303605.0,16055.0,2144445.0,2117207.0,1358768.0,497833.0,200233.0,60373.0,27238.0,2144445.0,2143672.0,2114042.0,29630.0,773.0,2144445.0,2117207.0,1928949.0,84588.0,22495.0,46202.0,29691.0,5282.0,25599.0,21013.0,637.0,417.0,2007.0,891.0,634.0,1639.0
Área de Planejamento 1,104721.0,103356.0,81519.0,21837.0,1365.0,104721.0,100016.0,75144.0,20540.0,3299.0,1033.0,4705.0,104721.0,104690.0,101836.0,2854.0,31.0,104721.0,100016.0,97723.0,352.0,68.0,1521.0,306.0,46.0,4473.0,4292.0,54.0,2.0,72.0,7.0,46.0,232.0
Região de Planejamento 1.1 - Centro,104721.0,103356.0,81519.0,21837.0,1365.0,104721.0,100016.0,75144.0,20540.0,3299.0,1033.0,4705.0,104721.0,104690.0,101836.0,2854.0,31.0,104721.0,100016.0,97723.0,352.0,68.0,1521.0,306.0,46.0,4473.0,4292.0,54.0,2.0,72.0,7.0,46.0,232.0
I Portuária ,15667.0,15581.0,11341.0,4240.0,86.0,15667.0,14768.0,12608.0,1842.0,239.0,79.0,899.0,15667.0,15665.0,15340.0,325.0,2.0,15667.0,14768.0,14723.0,24.0,4.0,7.0,1.0,9.0,859.0,796.0,44.0,0.0,4.0,0.0,15.0,40.0
Caju,6481.0,6479.0,4119.0,2360.0,2.0,6481.0,6309.0,5285.0,914.0,85.0,25.0,172.0,6481.0,6480.0,6463.0,17.0,1.0,6481.0,6309.0,6298.0,7.0,0.0,2.0,1.0,1.0,166.0,162.0,0.0,0.0,4.0,0.0,0.0,6.0
Gamboa,4170.0,4096.0,2886.0,1210.0,74.0,4170.0,3831.0,3349.0,407.0,54.0,21.0,339.0,4170.0,4170.0,3957.0,213.0,0.0,4170.0,3831.0,3817.0,7.0,2.0,2.0,0.0,3.0,326.0,319.0,0.0,0.0,0.0,0.0,7.0,13.0
Santo Cristo,4070.0,4060.0,3406.0,654.0,10.0,4070.0,3775.0,3245.0,425.0,79.0,26.0,295.0,4070.0,4069.0,3975.0,94.0,1.0,4070.0,3775.0,3757.0,9.0,2.0,3.0,0.0,4.0,274.0,222.0,44.0,0.0,0.0,0.0,8.0,21.0
Saúde,946.0,946.0,930.0,16.0,0.0,946.0,853.0,729.0,96.0,21.0,7.0,93.0,946.0,946.0,945.0,1.0,0.0,946.0,853.0,851.0,1.0,0.0,0.0,0.0,1.0,93.0,93.0,0.0,0.0,0.0,0.0,0.0,0.0
II Centro ,19622.0,19531.0,16368.0,3163.0,91.0,19622.0,18118.0,15482.0,2459.0,137.0,40.0,1504.0,19622.0,19614.0,19547.0,67.0,8.0,19622.0,18118.0,18097.0,10.0,1.0,7.0,1.0,2.0,1472.0,1453.0,2.0,0.0,0.0,0.0,17.0,32.0
Centro ,19622.0,19531.0,16368.0,3163.0,91.0,19622.0,18118.0,15482.0,2459.0,137.0,40.0,1504.0,19622.0,19614.0,19547.0,67.0,8.0,19622.0,18118.0,18097.0,10.0,1.0,7.0,1.0,2.0,1472.0,1453.0,2.0,0.0,0.0,0.0,17.0,32.0
III Rio Comprido,26058.0,25213.0,18858.0,6355.0,845.0,26058.0,25132.0,16769.0,7092.0,1053.0,218.0,926.0,26058.0,26049.0,24750.0,1299.0,9.0,26058.0,25132.0,24241.0,80.0,13.0,724.0,59.0,15.0,792.0,757.0,3.0,1.0,21.0,2.0,8.0,134.0
Catumbi,4028.0,3995.0,2456.0,1539.0,33.0,4028.0,3985.0,3217.0,690.0,59.0,19.0,43.0,4028.0,4026.0,3945.0,81.0,2.0,4028.0,3985.0,3870.0,10.0,2.0,102.0,1.0,0.0,41.0,37.0,0.0,0.0,1.0,0.0,3.0,2.0
Cidade Nova,1929.0,1925.0,1765.0,160.0,4.0,1929.0,1533.0,1084.0,426.0,21.0,2.0,396.0,1929.0,1928.0,1874.0,54.0,1.0,1929.0,1533.0,1519.0,1.0,0.0,12.0,0.0,1.0,321.0,309.0,0.0,0.0,11.0,0.0,1.0,75.0
Estácio,5749.0,5657.0,4184.0,1473.0,92.0,5749.0,5520.0,3987.0,1332.0,173.0,28.0,229.0,5749.0,5748.0,5389.0,359.0,1.0,5749.0,5520.0,5267.0,17.0,1.0,229.0,0.0,6.0,218.0,217.0,1.0,0.0,0.0,0.0,0.0,11.0
Rio Comprido,14352.0,13636.0,10453.0,3183.0,716.0,14352.0,14094.0,8481.0,4644.0,800.0,169.0,258.0,14352.0,14347.0,13542.0,805.0,5.0,14352.0,14094.0,13585.0,52.0,10.0,381.0,58.0,8.0,212.0,194.0,2.0,1.0,9.0,2.0,4.0,46.0
VII São Cristóvão ,26798.0,26476.0,21377.0,5099.0,322.0,26798.0,26063.0,19044.0,5715.0,1074.0,230.0,735.0,26798.0,26788.0,25669.0,1119.0,10.0,26798.0,26063.0,24969.0,120.0,9.0,706.0,239.0,20.0,717.0,668.0,1.0,0.0,37.0,5.0,6.0,18.0
Benfica,7778.0,7757.0,5317.0,2440.0,21.0,7778.0,7647.0,5992.0,1318.0,270.0,67.0,131.0,7778.0,7774.0,7017.0,757.0,4.0,7778.0,7647.0,7077.0,89.0,2.0,245.0,220.0,14.0,127.0,100.0,0.0,0.0,21.0,5.0,1.0,4.0
Mangueira,5080.0,5007.0,3915.0,1092.0,73.0,5080.0,5025.0,3914.0,869.0,203.0,39.0,55.0,5080.0,5079.0,4788.0,291.0,1.0,5080.0,5025.0,4607.0,1.0,2.0,412.0,1.0,2.0,48.0,33.0,0.0,0.0,12.0,0.0,3.0,7.0
Imperial de São Cristóvão ,8595.0,8374.0,7598.0,776.0,221.0,8595.0,8417.0,5487.0,2418.0,443.0,69.0,178.0,8595.0,8591.0,8533.0,58.0,4.0,8595.0,8417.0,8347.0,26.0,2.0,34.0,5.0,3.0,173.0,170.0,1.0,0.0,2.0,0.0,0.0,5.0
Vasco da Gama,5345.0,5338.0,4547.0,791.0,7.0,5345.0,4974.0,3651.0,1110.0,158.0,55.0,371.0,5345.0,5344.0,5331.0,13.0,1.0,5345.0,4974.0,4938.0,4.0,3.0,15.0,13.0,1.0,369.0,365.0,0.0,0.0,2.0,0.0,2.0,2.0
XXI  Paquetá ,1253.0,1252.0,817.0,435.0,1.0,1253.0,1242.0,787.0,325.0,70.0,60.0,11.0,1253.0,1253.0,1251.0,2.0,0.0,1253.0,1242.0,1223.0,17.0,0.0,0.0,2.0,0.0,10.0,10.0,0.0,0.0,0.0,0.0,0.0,1.0
Paquetá ,1253.0,1252.0,817.0,435.0,1.0,1253.0,1242.0,787.0,325.0,70.0,60.0,11.0,1253.0,1253.0,1251.0,2.0,0.0,1253.0,1242.0,1223.0,17.0,0.0,0.0,2.0,0.0,10.0,10.0,0.0,0.0,0.0,0.0,0.0,1.0
XXIII Santa Teresa,15323.0,15303.0,12758.0,2545.0,20.0,15323.0,14693.0,10454.0,3107.0,726.0,406.0,630.0,15323.0,15321.0,15279.0,42.0,2.0,15323.0,14693.0,14470.0,101.0,41.0,77.0,4.0,0.0,623.0,608.0,4.0,1.0,10.0,0.0,0.0,7.0
Santa Teresa,15323.0,15303.0,12758.0,2545.0,20.0,15323.0,14693.0,10454.0,3107.0,726.0,406.0,630.0,15323.0,15321.0,15279.0,42.0,2.0,15323.0,14693.0,14470.0,101.0,41.0,77.0,4.0,0.0,623.0,608.0,4.0,1.0,10.0,0.0,0.0,7.0
Área de Planejamento 2,404255.0,403352.0,330572.0,72780.0,903.0,404255.0,401927.0,140170.0,143157.0,97176.0,21424.0,2328.0,404255.0,404204.0,400451.0,3753.0,51.0,404255.0,401927.0,395027.0,880.0,902.0,4032.0,996.0,90.0,2143.0,1977.0,9.0,8.0,113.0,13.0,23.0,185.0
Região de Planejamento 2.1 - Zona Sul,266126.0,265604.0,214407.0,51197.0,522.0,266126.0,264492.0,97043.0,84012.0,67090.0,16347.0,1634.0,266126.0,266096.0,264348.0,1748.0,30.0,266126.0,264492.0,260632.0,410.0,53.0,3319.0,33.0,45.0,1511.0,1392.0,4.0,1.0,97.0,2.0,15.0,123.0
IV Botafogo ,102581.0,102492.0,89963.0,12529.0,89.0,102581.0,101895.0,33091.0,38743.0,25867.0,4194.0,686.0,102581.0,102572.0,102522.0,50.0,9.0,102581.0,101895.0,101627.0,127.0,17.0,105.0,7.0,12.0,639.0,630.0,0.0,1.0,6.0,1.0,1.0,47.0
Botafogo,35007.0,34944.0,29218.0,5726.0,63.0,35007.0,34857.0,11042.0,12707.0,9890.0,1218.0,150.0,35007.0,35002.0,34991.0,11.0,5.0,35007.0,34857.0,34707.0,50.0,3.0,93.0,0.0,4.0,120.0,117.0,0.0,0.0,3.0,0.0,0.0,30.0
Catete,10409.0,10397.0,9188.0,1209.0,12.0,10409.0,10209.0,5482.0,3534.0,1097.0,96.0,200.0,10409.0,10407.0,10405.0,2.0,2.0,10409.0,10209.0,10163.0,44.0,0.0,0.0,0.0,2.0,196.0,195.0,0.0,0.0,1.0,0.0,0.0,4.0
Cosme Velho,2356.0,2356.0,1568.0,788.0,0.0,2356.0,2341.0,812.0,595.0,685.0,249.0,15.0,2356.0,2356.0,2354.0,2.0,0.0,2356.0,2341.0,2319.0,1.0,8.0,11.0,1.0,1.0,14.0,12.0,0.0,0.0,2.0,0.0,0.0,1.0
Flamengo,23151.0,23149.0,20800.0,2349.0,2.0,23151.0,23111.0,7587.0,9220.0,5464.0,840.0,40.0,23151.0,23150.0,23123.0,27.0,1.0,23151.0,23111.0,23093.0,11.0,0.0,0.0,4.0,3.0,31.0,30.0,0.0,0.0,0.0,0.0,1.0,9.0
Glória,4534.0,4534.0,4288.0,246.0,0.0,4534.0,4428.0,2303.0,1786.0,282.0,57.0,106.0,4534.0,4534.0,4534.0,0.0,0.0,4534.0,4428.0,4427.0,1.0,0.0,0.0,0.0,0.0,106.0,104.0,0.0,1.0,0.0,1.0,0.0,0.0
Humaitá,5809.0,5809.0,5269.0,540.0,0.0,5809.0,5806.0,1050.0,2460.0,1967.0,329.0,3.0,5809.0,5809.0,5808.0,1.0,0.0,5809.0,5806.0,5801.0,1.0,4.0,0.0,0.0,0.0,3.0,3.0,0.0,0.0,0.0,0.0,0.0,0.0
Laranjeiras,18765.0,18759.0,17366.0,1393.0,6.0,18765.0,18602.0,4121.0,7406.0,5964.0,1111.0,163.0,18765.0,18765.0,18758.0,7.0,0.0,18765.0,18602.0,18585.0,10.0,2.0,1.0,2.0,2.0,162.0,162.0,0.0,0.0,0.0,0.0,0.0,1.0
Urca,2550.0,2544.0,2266.0,278.0,6.0,2550.0,2541.0,694.0,1035.0,518.0,294.0,9.0,2550.0,2549.0,2549.0,0.0,1.0,2550.0,2541.0,2532.0,9.0,0.0,0.0,0.0,0.0,7.0,7.0,0.0,0.0,0.0,0.0,0.0,2.0
V Copacabana ,72269.0,72262.0,60657.0,11605.0,7.0,72269.0,71904.0,26559.0,25722.0,16772.0,2851.0,365.0,72269.0,72264.0,71310.0,954.0,5.0,72269.0,71904.0,71810.0,30.0,4.0,51.0,5.0,4.0,340.0,325.0,4.0,0.0,2.0,0.0,9.0,25.0
Copacabana,66040.0,66035.0,56209.0,9826.0,5.0,66040.0,65685.0,24316.0,23589.0,15162.0,2618.0,355.0,66040.0,66035.0,65375.0,660.0,5.0,66040.0,65685.0,65645.0,24.0,2.0,6.0,4.0,4.0,331.0,317.0,4.0,0.0,1.0,0.0,9.0,24.0
Leme,6229.0,6227.0,4448.0,1779.0,2.0,6229.0,6219.0,2243.0,2133.0,1610.0,233.0,10.0,6229.0,6229.0,5935.0,294.0,0.0,6229.0,6219.0,6165.0,6.0,2.0,45.0,1.0,0.0,9.0,8.0,0.0,0.0,1.0,0.0,0.0,1.0
VI Lagoa ,67877.0,67864.0,59492.0,8372.0,13.0,67877.0,67702.0,16212.0,18085.0,24258.0,9147.0,175.0,67877.0,67873.0,67479.0,394.0,4.0,67877.0,67702.0,67494.0,113.0,8.0,62.0,17.0,8.0,152.0,148.0,0.0,0.0,3.0,1.0,0.0,23.0
Gávea ,6415.0,6415.0,5457.0,958.0,0.0,6415.0,6401.0,1478.0,1891.0,2332.0,700.0,14.0,6415.0,6415.0,6407.0,8.0,0.0,6415.0,6401.0,6392.0,7.0,1.0,0.0,1.0,0.0,14.0,14.0,0.0,0.0,0.0,0.0,0.0,0.0
Ipanema,18416.0,18412.0,16210.0,2202.0,4.0,18416.0,18367.0,4273.0,6055.0,5817.0,2222.0,49.0,18416.0,18415.0,18125.0,290.0,1.0,18416.0,18367.0,18356.0,6.0,0.0,3.0,0.0,2.0,31.0,31.0,0.0,0.0,0.0,0.0,0.0,18.0
Jardim Botânico,6978.0,6976.0,6288.0,688.0,2.0,6978.0,6975.0,1508.0,2160.0,2463.0,844.0,3.0,6978.0,6977.0,6969.0,8.0,1.0,6978.0,6975.0,6961.0,9.0,2.0,0.0,1.0,2.0,3.0,3.0,0.0,0.0,0.0,0.0,0.0,0.0
Lagoa,8320.0,8319.0,8262.0,57.0,1.0,8320.0,8313.0,722.0,1503.0,4533.0,1555.0,7.0,8320.0,8320.0,8312.0,8.0,0.0,8320.0,8313.0,8308.0,0.0,0.0,5.0,0.0,0.0,5.0,5.0,0.0,0.0,0.0,0.0,0.0,2.0
Leblon,19589.0,19585.0,18988.0,597.0,4.0,19589.0,19503.0,4013.0,5400.0,7370.0,2720.0,86.0,19589.0,19589.0,19582.0,7.0,0.0,19589.0,19503.0,19479.0,17.0,0.0,0.0,7.0,0.0,84.0,84.0,0.0,0.0,0.0,0.0,0.0,2.0
São Conrado,3855.0,3854.0,3136.0,718.0,1.0,3855.0,3849.0,753.0,396.0,1632.0,1068.0,6.0,3855.0,3855.0,3855.0,0.0,0.0,3855.0,3849.0,3796.0,52.0,0.0,0.0,1.0,0.0,6.0,6.0,0.0,0.0,0.0,0.0,0.0,0.0
Vidigal,4304.0,4303.0,1151.0,3152.0,1.0,4304.0,4294.0,3465.0,680.0,111.0,38.0,10.0,4304.0,4302.0,4229.0,73.0,2.0,4304.0,4294.0,4202.0,22.0,5.0,54.0,7.0,4.0,9.0,5.0,0.0,0.0,3.0,1.0,0.0,1.0
XXVII Rocinha ,23399.0,22986.0,4295.0,18691.0,413.0,23399.0,22991.0,21181.0,1462.0,193.0,155.0,408.0,23399.0,23387.0,23037.0,350.0,12.0,23399.0,22991.0,19701.0,140.0,24.0,3101.0,4.0,21.0,380.0,289.0,0.0,0.0,86.0,0.0,5.0,28.0
Rocinha ,23399.0,22986.0,4295.0,18691.0,413.0,23399.0,22991.0,21181.0,1462.0,193.0,155.0,408.0,23399.0,23387.0,23037.0,350.0,12.0,23399.0,22991.0,19701.0,140.0,24.0,3101.0,4.0,21.0,380.0,289.0,0.0,0.0,86.0,0.0,5.0,28.0
Região de Planejamento 2.2 - Tijuca,138129.0,137748.0,116165.0,21583.0,381.0,138129.0,137435.0,43127.0,59145.0,30086.0,5077.0,694.0,138129.0,138108.0,136103.0,2005.0,21.0,138129.0,137435.0,134395.0,470.0,849.0,713.0,963.0,45.0,632.0,585.0,5.0,7.0,16.0,11.0,8.0,62.0
VIII Tijuca ,68303.0,68231.0,57588.0,10643.0,72.0,68303.0,67966.0,18197.0,29360.0,17270.0,3139.0,337.0,68303.0,68291.0,68080.0,211.0,12.0,68303.0,67966.0,65590.0,339.0,831.0,464.0,728.0,14.0,299.0,262.0,3.0,7.0,8.0,11.0,8.0,38.0
Alto da Boa Vista,2972.0,2966.0,2294.0,672.0,6.0,2972.0,2964.0,1743.0,722.0,280.0,219.0,8.0,2972.0,2968.0,2960.0,8.0,4.0,2972.0,2964.0,1968.0,223.0,436.0,9.0,328.0,0.0,7.0,5.0,0.0,2.0,0.0,0.0,0.0,1.0
Praça da Bandeira,3426.0,3426.0,2891.0,535.0,0.0,3426.0,3326.0,1312.0,1639.0,346.0,29.0,100.0,3426.0,3426.0,3426.0,0.0,0.0,3426.0,3326.0,3323.0,3.0,0.0,0.0,0.0,0.0,73.0,73.0,0.0,0.0,0.0,0.0,0.0,27.0
Tijuca,61905.0,61839.0,52403.0,9436.0,66.0,61905.0,61676.0,15142.0,26999.0,16644.0,2891.0,229.0,61905.0,61897.0,61694.0,203.0,8.0,61905.0,61676.0,60299.0,113.0,395.0,455.0,400.0,14.0,219.0,184.0,3.0,5.0,8.0,11.0,8.0,10.0
IX Vila Isabel ,69826.0,69517.0,58577.0,10940.0,309.0,69826.0,69469.0,24930.0,29785.0,12816.0,1938.0,357.0,69826.0,69817.0,68023.0,1794.0,9.0,69826.0,69469.0,68805.0,131.0,18.0,249.0,235.0,31.0,333.0,323.0,2.0,0.0,8.0,0.0,0.0,24.0
Andaraí,14683.0,14609.0,12753.0,1856.0,74.0,14683.0,14593.0,5878.0,6328.0,2110.0,277.0,90.0,14683.0,14681.0,14441.0,240.0,2.0,14683.0,14593.0,14287.0,19.0,11.0,102.0,161.0,13.0,85.0,84.0,0.0,0.0,1.0,0.0,0.0,5.0
Grajaú,14203.0,14178.0,12022.0,2156.0,25.0,14203.0,14169.0,4411.0,5636.0,3445.0,677.0,34.0,14203.0,14202.0,13800.0,402.0,1.0,14203.0,14169.0,13983.0,51.0,2.0,59.0,70.0,4.0,30.0,30.0,0.0,0.0,0.0,0.0,0.0,4.0
Maracanã,9847.0,9834.0,9510.0,324.0,13.0,9847.0,9737.0,1859.0,4841.0,2714.0,323.0,110.0,9847.0,9847.0,9802.0,45.0,0.0,9847.0,9737.0,9719.0,16.0,1.0,1.0,0.0,0.0,108.0,108.0,0.0,0.0,0.0,0.0,0.0,2.0
Vila Isabel,31093.0,30896.0,24292.0,6604.0,197.0,31093.0,30970.0,12782.0,12980.0,4547.0,661.0,123.0,31093.0,31087.0,29980.0,1107.0,6.0,31093.0,30970.0,30816.0,45.0,4.0,87.0,4.0,14.0,110.0,101.0,2.0,0.0,7.0,0.0,0.0,13.0
Área de Planejamento 3,792124.0,742849.0,635139.0,107710.0,7544.0,792124.0,784030.0,574549.0,165850.0,33777.0,9854.0,8094.0,792124.0,791915.0,780747.0,11168.0,209.0,792124.0,784030.0,748375.0,14159.0,2455.0,8774.0,8847.0,1420.0,7594.0,6406.0,152.0,81.0,441.0,131.0,383.0,500.0
Região de Planejamento 3.1 - Ramos,92910.0,91478.0,80363.0,11115.0,1432.0,92910.0,90431.0,73866.0,14023.0,2061.0,481.0,2479.0,92910.0,92889.0,90433.0,2456.0,21.0,92910.0,90431.0,88361.0,656.0,36.0,697.0,420.0,261.0,2428.0,2077.0,12.0,3.0,70.0,2.0,264.0,51.0
X Ramos ,51179.0,49863.0,41906.0,7957.0,1316.0,51179.0,50726.0,38620.0,10119.0,1584.0,403.0,453.0,51179.0,51175.0,49081.0,2094.0,4.0,51179.0,50726.0,49738.0,152.0,28.0,421.0,360.0,27.0,428.0,372.0,6.0,3.0,45.0,2.0,0.0,25.0
Bonsucesso,6681.0,6533.0,5760.0,773.0,148.0,6681.0,6564.0,4397.0,1877.0,249.0,41.0,117.0,6681.0,6680.0,6537.0,143.0,1.0,6681.0,6564.0,6517.0,18.0,1.0,2.0,25.0,1.0,115.0,113.0,2.0,0.0,0.0,0.0,0.0,2.0
Manguinhos,10622.0,9472.0,5212.0,4260.0,1150.0,10622.0,10457.0,9281.0,1017.0,134.0,25.0,165.0,10622.0,10621.0,9360.0,1261.0,1.0,10622.0,10457.0,9764.0,50.0,8.0,300.0,313.0,22.0,157.0,140.0,0.0,0.0,16.0,1.0,0.0,8.0
Olaria,19821.0,19808.0,18043.0,1765.0,13.0,19821.0,19716.0,14429.0,4413.0,660.0,214.0,105.0,19821.0,19819.0,19539.0,280.0,2.0,19821.0,19716.0,19570.0,39.0,9.0,92.0,3.0,3.0,91.0,84.0,4.0,3.0,0.0,0.0,0.0,14.0
Ramos,14055.0,14050.0,12891.0,1159.0,5.0,14055.0,13989.0,10513.0,2812.0,541.0,123.0,66.0,14055.0,14055.0,13645.0,410.0,0.0,14055.0,13989.0,13887.0,45.0,10.0,27.0,19.0,1.0,65.0,35.0,0.0,0.0,29.0,1.0,0.0,1.0
XXX Maré,41731.0,41615.0,38457.0,3158.0,116.0,41731.0,39705.0,35246.0,3904.0,477.0,78.0,2026.0,41731.0,41714.0,41352.0,362.0,17.0,41731.0,39705.0,38623.0,504.0,8.0,276.0,60.0,234.0,2000.0,1705.0,6.0,0.0,25.0,0.0,264.0,26.0
Maré ,41731.0,41615.0,38457.0,3158.0,116.0,41731.0,39705.0,35246.0,3904.0,477.0,78.0,2026.0,41731.0,41714.0,41352.0,362.0,17.0,41731.0,39705.0,38623.0,504.0,8.0,276.0,60.0,234.0,2000.0,1705.0,6.0,0.0,25.0,0.0,264.0,26.0
Região de Planejamento 3.2 - Méier,148578.0,147669.0,121202.0,26467.0,909.0,148578.0,147094.0,88678.0,46784.0,9484.0,2148.0,1484.0,148578.0,148535.0,147109.0,1426.0,43.0,148578.0,147094.0,142571.0,975.0,496.0,1722.0,1249.0,81.0,1422.0,1322.0,17.0,7.0,48.0,16.0,12.0,62.0
XIII Méier ,137229.0,136876.0,116203.0,20673.0,353.0,137229.0,136011.0,79197.0,45474.0,9233.0,2107.0,1218.0,137229.0,137194.0,135839.0,1355.0,35.0,137229.0,136011.0,131831.0,960.0,488.0,1661.0,993.0,78.0,1169.0,1078.0,17.0,7.0,46.0,9.0,12.0,49.0
Abolição,4099.0,4099.0,4094.0,5.0,0.0,4099.0,4086.0,2899.0,966.0,178.0,43.0,13.0,4099.0,4099.0,4097.0,2.0,0.0,4099.0,4086.0,4052.0,12.0,1.0,0.0,12.0,9.0,12.0,11.0,0.0,0.0,0.0,1.0,0.0,1.0
Água Santa,2498.0,2497.0,1990.0,507.0,1.0,2498.0,2494.0,1832.0,553.0,75.0,34.0,4.0,2498.0,2493.0,2485.0,8.0,5.0,2498.0,2494.0,2206.0,3.0,166.0,41.0,76.0,2.0,4.0,4.0,0.0,0.0,0.0,0.0,0.0,0.0
Cachambi ,15047.0,15044.0,12958.0,2086.0,3.0,15047.0,14968.0,8057.0,5665.0,1003.0,243.0,79.0,15047.0,15043.0,15040.0,3.0,4.0,15047.0,14968.0,14893.0,31.0,9.0,12.0,22.0,1.0,77.0,77.0,0.0,0.0,0.0,0.0,0.0,2.0
Encantado,5216.0,5214.0,4998.0,216.0,2.0,5216.0,5201.0,3511.0,1391.0,235.0,64.0,15.0,5216.0,5214.0,5186.0,28.0,2.0,5216.0,5201.0,5038.0,57.0,6.0,22.0,63.0,15.0,13.0,13.0,0.0,0.0,0.0,0.0,0.0,2.0
Engenho de Dentro,15775.0,15672.0,14161.0,1511.0,103.0,15775.0,15480.0,9434.0,4980.0,856.0,210.0,295.0,15775.0,15772.0,15615.0,157.0,3.0,15775.0,15480.0,14395.0,362.0,71.0,295.0,347.0,10.0,293.0,282.0,3.0,1.0,1.0,6.0,0.0,2.0
Engenho Novo,14244.0,14204.0,9647.0,4557.0,40.0,14244.0,14179.0,9034.0,4392.0,593.0,160.0,65.0,14244.0,14239.0,14203.0,36.0,5.0,14244.0,14179.0,13895.0,32.0,2.0,89.0,154.0,7.0,59.0,54.0,4.0,0.0,0.0,0.0,1.0,6.0
Jacaré,2668.0,2660.0,2230.0,430.0,8.0,2668.0,2655.0,1986.0,575.0,67.0,27.0,13.0,2668.0,2667.0,2620.0,47.0,1.0,2668.0,2655.0,2547.0,7.0,0.0,3.0,98.0,0.0,12.0,10.0,0.0,0.0,0.0,2.0,0.0,1.0
Lins de Vasconcelos,12262.0,12094.0,7889.0,4205.0,168.0,12262.0,12160.0,7485.0,3816.0,713.0,146.0,102.0,12262.0,12260.0,11516.0,744.0,2.0,12262.0,12160.0,11249.0,25.0,6.0,748.0,121.0,11.0,91.0,51.0,0.0,0.0,31.0,0.0,9.0,11.0
Méier,18762.0,18760.0,16278.0,2482.0,2.0,18762.0,18678.0,6225.0,9087.0,2813.0,553.0,84.0,18762.0,18760.0,18757.0,3.0,2.0,18762.0,18678.0,18622.0,47.0,5.0,1.0,2.0,1.0,83.0,83.0,0.0,0.0,0.0,0.0,0.0,1.0
Piedade,14871.0,14865.0,13288.0,1577.0,6.0,14871.0,14831.0,10691.0,3394.0,565.0,181.0,40.0,14871.0,14866.0,14834.0,32.0,5.0,14871.0,14831.0,14474.0,131.0,31.0,144.0,39.0,12.0,36.0,36.0,0.0,0.0,0.0,0.0,0.0,4.0
Pilares,9266.0,9257.0,8337.0,920.0,9.0,9266.0,9212.0,7526.0,1390.0,242.0,54.0,54.0,9266.0,9265.0,9225.0,40.0,1.0,9266.0,9212.0,8953.0,144.0,4.0,57.0,52.0,2.0,54.0,33.0,7.0,0.0,13.0,0.0,1.0,0.0
Riachuelo,4532.0,4532.0,4267.0,265.0,0.0,4532.0,4478.0,2250.0,1911.0,240.0,77.0,54.0,4532.0,4532.0,4530.0,2.0,0.0,4532.0,4478.0,4467.0,4.0,1.0,5.0,0.0,1.0,54.0,53.0,0.0,0.0,0.0,0.0,1.0,0.0
Rocha,3128.0,3126.0,3025.0,101.0,2.0,3128.0,3108.0,1323.0,1549.0,173.0,63.0,20.0,3128.0,3126.0,3125.0,1.0,2.0,3128.0,3108.0,3098.0,7.0,0.0,0.0,0.0,3.0,20.0,20.0,0.0,0.0,0.0,0.0,0.0,0.0
Sampaio,3235.0,3228.0,2250.0,978.0,7.0,3235.0,3039.0,2045.0,883.0,86.0,25.0,196.0,3235.0,3234.0,3177.0,57.0,1.0,3235.0,3039.0,2779.0,8.0,0.0,244.0,6.0,2.0,177.0,175.0,0.0,1.0,1.0,0.0,0.0,19.0
São Francisco Xavier,2837.0,2835.0,2339.0,496.0,2.0,2837.0,2658.0,1468.0,1002.0,157.0,31.0,179.0,2837.0,2835.0,2640.0,195.0,2.0,2837.0,2658.0,2407.0,66.0,185.0,0.0,0.0,0.0,179.0,172.0,2.0,5.0,0.0,0.0,0.0,0.0
Todos os Santos,8789.0,8789.0,8452.0,337.0,0.0,8789.0,8784.0,3431.0,3920.0,1237.0,196.0,5.0,8789.0,8789.0,8789.0,0.0,0.0,8789.0,8784.0,8756.0,24.0,1.0,0.0,1.0,2.0,5.0,4.0,1.0,0.0,0.0,0.0,0.0,0.0
XXVIII Jacarezinho ,11349.0,10793.0,4999.0,5794.0,556.0,11349.0,11083.0,9481.0,1310.0,251.0,41.0,266.0,11349.0,11341.0,11270.0,71.0,8.0,11349.0,11083.0,10740.0,15.0,8.0,61.0,256.0,3.0,253.0,244.0,0.0,0.0,2.0,7.0,0.0,13.0
Jacarezinho ,11349.0,10793.0,4999.0,5794.0,556.0,11349.0,11083.0,9481.0,1310.0,251.0,41.0,266.0,11349.0,11341.0,11270.0,71.0,8.0,11349.0,11083.0,10740.0,15.0,8.0,61.0,256.0,3.0,253.0,244.0,0.0,0.0,2.0,7.0,0.0,13.0
Região de Planejamento 3.3 - Madureira,193737.0,192897.0,175189.0,17708.0,840.0,193737.0,192657.0,143862.0,39748.0,7024.0,2023.0,1080.0,193737.0,193692.0,191871.0,1821.0,45.0,193737.0,192657.0,182373.0,5994.0,733.0,1035.0,2140.0,382.0,986.0,818.0,38.0,10.0,60.0,44.0,16.0,94.0
XIV Irajá ,69102.0,68821.0,60873.0,7948.0,281.0,69102.0,68829.0,50103.0,14992.0,2875.0,859.0,273.0,69102.0,69090.0,68627.0,463.0,12.0,69102.0,68829.0,67570.0,632.0,205.0,125.0,210.0,87.0,253.0,226.0,2.0,1.0,1.0,22.0,1.0,20.0
Colégio,9457.0,9268.0,7802.0,1466.0,189.0,9457.0,9343.0,7768.0,1349.0,177.0,49.0,114.0,9457.0,9453.0,9370.0,83.0,4.0,9457.0,9343.0,9117.0,128.0,22.0,27.0,43.0,6.0,107.0,107.0,0.0,0.0,0.0,0.0,0.0,7.0
Irajá,33219.0,33211.0,30110.0,3101.0,8.0,33219.0,33092.0,24917.0,6657.0,1147.0,371.0,127.0,33219.0,33214.0,33079.0,135.0,5.0,33219.0,33092.0,32311.0,405.0,169.0,59.0,125.0,23.0,116.0,90.0,2.0,1.0,1.0,21.0,1.0,11.0
Vicente de Carvalho,8299.0,8236.0,5558.0,2678.0,63.0,8299.0,8276.0,6661.0,1364.0,193.0,58.0,23.0,8299.0,8297.0,8090.0,207.0,2.0,8299.0,8276.0,8173.0,23.0,8.0,35.0,4.0,33.0,21.0,20.0,0.0,0.0,0.0,1.0,0.0,2.0
Vila Cosmos,5931.0,5912.0,5411.0,501.0,19.0,5931.0,5927.0,4231.0,1297.0,299.0,100.0,4.0,5931.0,5930.0,5921.0,9.0,1.0,5931.0,5927.0,5901.0,16.0,1.0,1.0,0.0,8.0,4.0,4.0,0.0,0.0,0.0,0.0,0.0,0.0
Vila da Penha,9188.0,9187.0,8987.0,200.0,1.0,9188.0,9185.0,4625.0,3436.0,907.0,217.0,3.0,9188.0,9188.0,9161.0,27.0,0.0,9188.0,9185.0,9089.0,37.0,4.0,3.0,36.0,16.0,3.0,3.0,0.0,0.0,0.0,0.0,0.0,0.0
Vista Alegre,3008.0,3007.0,3005.0,2.0,1.0,3008.0,3006.0,1901.0,889.0,152.0,64.0,2.0,3008.0,3008.0,3006.0,2.0,0.0,3008.0,3006.0,2979.0,23.0,1.0,0.0,2.0,1.0,2.0,2.0,0.0,0.0,0.0,0.0,0.0,0.0
XV Madureira ,124635.0,124076.0,114316.0,9760.0,559.0,124635.0,123828.0,93759.0,24756.0,4149.0,1164.0,807.0,124635.0,124602.0,123244.0,1358.0,33.0,124635.0,123828.0,114803.0,5362.0,528.0,910.0,1930.0,295.0,733.0,592.0,36.0,9.0,59.0,22.0,15.0,74.0
Bento Ribeiro,14886.0,14885.0,14665.0,220.0,1.0,14886.0,14832.0,10343.0,3640.0,658.0,191.0,54.0,14886.0,14883.0,14855.0,28.0,3.0,14886.0,14832.0,14296.0,300.0,37.0,9.0,178.0,12.0,52.0,49.0,1.0,0.0,0.0,2.0,0.0,2.0
Campinho,3466.0,3461.0,3129.0,332.0,5.0,3466.0,3440.0,2350.0,790.0,218.0,82.0,26.0,3466.0,3466.0,3421.0,45.0,0.0,3466.0,3440.0,3170.0,194.0,26.0,16.0,32.0,2.0,26.0,21.0,1.0,0.0,4.0,0.0,0.0,0.0
Cascadura,11413.0,11288.0,9510.0,1778.0,125.0,11413.0,11338.0,8564.0,2344.0,347.0,83.0,75.0,11413.0,11411.0,11295.0,116.0,2.0,11413.0,11338.0,10510.0,606.0,40.0,91.0,71.0,20.0,58.0,36.0,3.0,0.0,19.0,0.0,0.0,17.0
Cavalcanti,5265.0,5257.0,4825.0,432.0,8.0,5265.0,5244.0,4352.0,747.0,112.0,33.0,21.0,5265.0,5259.0,5240.0,19.0,6.0,5265.0,5244.0,4936.0,74.0,16.0,100.0,43.0,75.0,20.0,9.0,0.0,1.0,0.0,8.0,2.0,1.0
Engenheiro Leal,1885.0,1879.0,1605.0,274.0,6.0,1885.0,1883.0,1561.0,280.0,32.0,10.0,2.0,1885.0,1885.0,1884.0,1.0,0.0,1885.0,1883.0,1605.0,196.0,10.0,67.0,2.0,3.0,2.0,0.0,1.0,1.0,0.0,0.0,0.0,0.0
Honório Gurgel,7306.0,7277.0,6417.0,860.0,29.0,7306.0,7145.0,5716.0,1184.0,196.0,49.0,161.0,7306.0,7305.0,7141.0,164.0,1.0,7306.0,7145.0,6919.0,52.0,0.0,13.0,158.0,3.0,150.0,141.0,2.0,0.0,1.0,4.0,2.0,11.0
Madureira,16875.0,16814.0,14809.0,2005.0,61.0,16875.0,16760.0,12517.0,3553.0,538.0,152.0,115.0,16875.0,16871.0,16373.0,498.0,4.0,16875.0,16760.0,15744.0,465.0,267.0,96.0,35.0,153.0,101.0,73.0,3.0,0.0,23.0,1.0,1.0,14.0
Marechal Hermes,15983.0,15919.0,14675.0,1244.0,64.0,15983.0,15889.0,12058.0,3126.0,554.0,151.0,94.0,15983.0,15981.0,15738.0,243.0,2.0,15983.0,15889.0,13460.0,1739.0,42.0,230.0,409.0,9.0,89.0,74.0,11.0,0.0,0.0,4.0,0.0,5.0
Oswaldo Cruz,11759.0,11759.0,11090.0,669.0,0.0,11759.0,11693.0,8813.0,2340.0,424.0,116.0,66.0,11759.0,11757.0,11742.0,15.0,2.0,11759.0,11693.0,10393.0,958.0,20.0,33.0,288.0,1.0,65.0,51.0,10.0,0.0,1.0,3.0,0.0,1.0
Quintino Bocaiúva,10553.0,10545.0,9519.0,1026.0,8.0,10553.0,10502.0,7605.0,2382.0,401.0,114.0,51.0,10553.0,10550.0,10498.0,52.0,3.0,10553.0,10502.0,9860.0,223.0,24.0,158.0,236.0,1.0,48.0,45.0,0.0,0.0,3.0,0.0,0.0,3.0
Rocha Miranda,14867.0,14833.0,14384.0,449.0,34.0,14867.0,14782.0,11530.0,2711.0,412.0,129.0,85.0,14867.0,14860.0,14759.0,101.0,7.0,14867.0,14782.0,14190.0,198.0,26.0,28.0,331.0,9.0,72.0,61.0,0.0,5.0,3.0,0.0,3.0,13.0
Turiaçú,5480.0,5376.0,5077.0,299.0,104.0,5480.0,5469.0,4534.0,805.0,103.0,27.0,11.0,5480.0,5478.0,5416.0,62.0,2.0,5480.0,5469.0,5002.0,280.0,18.0,25.0,140.0,4.0,9.0,7.0,2.0,0.0,0.0,0.0,0.0,2.0
Vaz Lobo,4897.0,4783.0,4611.0,172.0,114.0,4897.0,4851.0,3816.0,854.0,154.0,27.0,46.0,4897.0,4896.0,4882.0,14.0,1.0,4897.0,4851.0,4718.0,77.0,2.0,44.0,7.0,3.0,41.0,25.0,2.0,2.0,5.0,0.0,7.0,5.0
Região de Planejamento 3.4 - Inhaúma,66001.0,64054.0,46484.0,17570.0,1947.0,66001.0,65597.0,54834.0,9111.0,1237.0,415.0,404.0,66001.0,65985.0,63503.0,2482.0,16.0,66001.0,65597.0,62482.0,544.0,94.0,1877.0,486.0,114.0,317.0,223.0,1.0,5.0,70.0,12.0,6.0,87.0
XII Inhaúma ,44966.0,44468.0,37987.0,6481.0,498.0,44966.0,44766.0,36380.0,6986.0,1045.0,355.0,200.0,44966.0,44957.0,44006.0,951.0,9.0,44966.0,44766.0,42597.0,462.0,58.0,1060.0,479.0,110.0,153.0,80.0,0.0,2.0,56.0,12.0,3.0,47.0
Del Castilho,5190.0,5189.0,3877.0,1312.0,1.0,5190.0,5174.0,4061.0,980.0,102.0,31.0,16.0,5190.0,5190.0,5160.0,30.0,0.0,5190.0,5174.0,5091.0,21.0,2.0,21.0,2.0,37.0,15.0,15.0,0.0,0.0,0.0,0.0,0.0,1.0
Engenho da Rainha,8938.0,8928.0,7693.0,1235.0,10.0,8938.0,8880.0,7576.0,1160.0,114.0,30.0,58.0,8938.0,8934.0,8777.0,157.0,4.0,8938.0,8880.0,8574.0,174.0,22.0,50.0,38.0,22.0,57.0,17.0,0.0,0.0,39.0,1.0,0.0,1.0
Higienópolis,5422.0,5422.0,5338.0,84.0,0.0,5422.0,5419.0,3731.0,1336.0,255.0,97.0,3.0,5422.0,5422.0,5417.0,5.0,0.0,5422.0,5419.0,5349.0,34.0,6.0,1.0,29.0,0.0,3.0,3.0,0.0,0.0,0.0,0.0,0.0,0.0
Inhaúma,15044.0,14810.0,13155.0,1655.0,234.0,15044.0,14975.0,12579.0,2003.0,291.0,102.0,69.0,15044.0,15043.0,14721.0,322.0,1.0,15044.0,14975.0,14062.0,111.0,20.0,424.0,315.0,43.0,60.0,36.0,0.0,1.0,12.0,11.0,0.0,9.0
Maria da Graça,2820.0,2756.0,2703.0,53.0,64.0,2820.0,2785.0,1840.0,716.0,168.0,61.0,35.0,2820.0,2820.0,2750.0,70.0,0.0,2820.0,2785.0,2727.0,20.0,2.0,35.0,0.0,1.0,8.0,6.0,0.0,0.0,2.0,0.0,0.0,27.0
Tomás Coelho,7552.0,7363.0,5221.0,2142.0,189.0,7552.0,7533.0,6593.0,791.0,115.0,34.0,19.0,7552.0,7548.0,7181.0,367.0,4.0,7552.0,7533.0,6794.0,102.0,6.0,529.0,95.0,7.0,10.0,3.0,0.0,1.0,3.0,0.0,3.0,9.0
XXIX Complexo do Alemão,21035.0,19586.0,8497.0,11089.0,1449.0,21035.0,20831.0,18454.0,2125.0,192.0,60.0,204.0,21035.0,21028.0,19497.0,1531.0,7.0,21035.0,20831.0,19885.0,82.0,36.0,817.0,7.0,4.0,164.0,143.0,1.0,3.0,14.0,0.0,3.0,40.0
Complexo do Alemão,21035.0,19586.0,8497.0,11089.0,1449.0,21035.0,20831.0,18454.0,2125.0,192.0,60.0,204.0,21035.0,21028.0,19497.0,1531.0,7.0,21035.0,20831.0,19885.0,82.0,36.0,817.0,7.0,4.0,164.0,143.0,1.0,3.0,14.0,0.0,3.0,40.0
Região de Planejamento 3.5 - Penha,101129.0,99717.0,80529.0,19188.0,1412.0,101129.0,100688.0,79135.0,17667.0,2980.0,906.0,441.0,101129.0,101095.0,99853.0,1242.0,34.0,101129.0,100688.0,95571.0,2764.0,299.0,1092.0,811.0,151.0,386.0,348.0,14.0,4.0,12.0,3.0,5.0,55.0
XI Penha ,58584.0,57691.0,45542.0,12149.0,893.0,58584.0,58367.0,43831.0,11798.0,2183.0,555.0,217.0,58584.0,58570.0,57853.0,717.0,14.0,58584.0,58367.0,57062.0,849.0,19.0,258.0,145.0,34.0,187.0,167.0,9.0,1.0,6.0,0.0,4.0,30.0
Brás de Pina,19103.0,19082.0,15834.0,3248.0,21.0,19103.0,19025.0,14057.0,3911.0,813.0,244.0,78.0,19103.0,19101.0,18932.0,169.0,2.0,19103.0,19025.0,18373.0,299.0,4.0,195.0,140.0,14.0,66.0,64.0,2.0,0.0,0.0,0.0,0.0,12.0
Penha,23915.0,23467.0,16348.0,7119.0,448.0,23915.0,23837.0,18873.0,4181.0,625.0,158.0,78.0,23915.0,23910.0,23491.0,419.0,5.0,23915.0,23837.0,23307.0,453.0,11.0,44.0,3.0,19.0,67.0,58.0,3.0,0.0,3.0,0.0,3.0,11.0
Penha Circular,15566.0,15142.0,13360.0,1782.0,424.0,15566.0,15505.0,10901.0,3706.0,745.0,153.0,61.0,15566.0,15559.0,15430.0,129.0,7.0,15566.0,15505.0,15382.0,97.0,4.0,19.0,2.0,1.0,54.0,45.0,4.0,1.0,3.0,0.0,1.0,7.0
XXXI Vigário Geral ,42545.0,42026.0,34987.0,7039.0,519.0,42545.0,42321.0,35304.0,5869.0,797.0,351.0,224.0,42545.0,42525.0,42000.0,525.0,20.0,42545.0,42321.0,38509.0,1915.0,280.0,834.0,666.0,117.0,199.0,181.0,5.0,3.0,6.0,3.0,1.0,25.0
Cordovil,14571.0,14504.0,11185.0,3319.0,67.0,14571.0,14525.0,12587.0,1634.0,234.0,70.0,46.0,14571.0,14568.0,14489.0,79.0,3.0,14571.0,14525.0,14012.0,283.0,28.0,68.0,119.0,15.0,38.0,34.0,0.0,1.0,0.0,3.0,0.0,8.0
Jardim América,8130.0,8122.0,7328.0,794.0,8.0,8130.0,8092.0,6137.0,1634.0,256.0,65.0,38.0,8130.0,8127.0,8058.0,69.0,3.0,8130.0,8092.0,7708.0,114.0,54.0,38.0,176.0,2.0,35.0,33.0,0.0,0.0,2.0,0.0,0.0,3.0
Parada de Lucas,7204.0,6787.0,5805.0,982.0,417.0,7204.0,7136.0,6002.0,877.0,94.0,163.0,68.0,7204.0,7201.0,7092.0,109.0,3.0,7204.0,7136.0,7030.0,50.0,20.0,7.0,18.0,11.0,65.0,65.0,0.0,0.0,0.0,0.0,0.0,3.0
Vigário Geral,12640.0,12613.0,10669.0,1944.0,27.0,12640.0,12568.0,10578.0,1724.0,213.0,53.0,72.0,12640.0,12629.0,12361.0,268.0,11.0,12640.0,12568.0,9759.0,1468.0,178.0,721.0,353.0,89.0,61.0,49.0,5.0,2.0,4.0,0.0,1.0,11.0
Região de Planejamento 3.6 - Pavuna,118026.0,117345.0,107931.0,9414.0,681.0,118026.0,117083.0,93473.0,19667.0,3134.0,809.0,943.0,118026.0,117987.0,116845.0,1142.0,39.0,118026.0,117083.0,108780.0,2153.0,630.0,1890.0,3249.0,381.0,814.0,462.0,43.0,44.0,143.0,50.0,72.0,129.0
XXII Anchieta ,51727.0,51655.0,50623.0,1032.0,72.0,51727.0,51534.0,39487.0,9827.0,1751.0,469.0,193.0,51727.0,51706.0,51239.0,467.0,21.0,51727.0,51534.0,48539.0,1019.0,101.0,359.0,1243.0,273.0,173.0,139.0,7.0,9.0,7.0,8.0,3.0,20.0
Anchieta,17702.0,17678.0,17165.0,513.0,24.0,17702.0,17640.0,13409.0,3501.0,609.0,121.0,62.0,17702.0,17690.0,17346.0,344.0,12.0,17702.0,17640.0,16225.0,495.0,46.0,242.0,620.0,12.0,54.0,50.0,0.0,0.0,1.0,1.0,2.0,8.0
Guadalupe,15783.0,15768.0,15316.0,452.0,15.0,15783.0,15738.0,12669.0,2506.0,439.0,124.0,45.0,15783.0,15780.0,15700.0,80.0,3.0,15783.0,15738.0,15193.0,97.0,5.0,48.0,148.0,247.0,43.0,25.0,7.0,0.0,6.0,5.0,0.0,2.0
Parque Anchieta,8478.0,8478.0,8451.0,27.0,0.0,8478.0,8472.0,5829.0,2111.0,386.0,146.0,6.0,8478.0,8475.0,8470.0,5.0,3.0,8478.0,8472.0,7968.0,129.0,10.0,1.0,359.0,5.0,4.0,4.0,0.0,0.0,0.0,0.0,0.0,2.0
Ricardo de Albuquerque,9764.0,9731.0,9691.0,40.0,33.0,9764.0,9684.0,7580.0,1709.0,317.0,78.0,80.0,9764.0,9761.0,9723.0,38.0,3.0,9764.0,9684.0,9153.0,298.0,40.0,68.0,116.0,9.0,72.0,60.0,0.0,9.0,0.0,2.0,1.0,8.0
XXV Pavuna ,66299.0,65690.0,57308.0,8382.0,609.0,66299.0,65549.0,53986.0,9840.0,1383.0,340.0,750.0,66299.0,66281.0,65606.0,675.0,18.0,66299.0,65549.0,60241.0,1134.0,529.0,1531.0,2006.0,108.0,641.0,323.0,36.0,35.0,136.0,42.0,69.0,109.0
Acari,8015.0,7894.0,6106.0,1788.0,121.0,8015.0,7955.0,6935.0,897.0,104.0,19.0,60.0,8015.0,8011.0,7853.0,158.0,4.0,8015.0,7955.0,7375.0,42.0,310.0,110.0,114.0,4.0,49.0,38.0,0.0,5.0,3.0,0.0,3.0,11.0
Barros Filho,4591.0,4563.0,3891.0,672.0,28.0,4591.0,4542.0,3824.0,623.0,75.0,20.0,49.0,4591.0,4589.0,4575.0,14.0,2.0,4591.0,4542.0,3793.0,168.0,8.0,14.0,556.0,3.0,46.0,31.0,5.0,0.0,1.0,9.0,0.0,3.0
Coelho Neto,11020.0,11008.0,10855.0,153.0,12.0,11020.0,10949.0,9182.0,1487.0,223.0,57.0,71.0,11020.0,11019.0,11003.0,16.0,1.0,11020.0,10949.0,10403.0,172.0,1.0,278.0,93.0,2.0,66.0,65.0,0.0,0.0,0.0,1.0,0.0,5.0
Costa Barros,8675.0,8571.0,7602.0,969.0,104.0,8675.0,8515.0,7140.0,1199.0,149.0,27.0,160.0,8675.0,8673.0,8384.0,289.0,2.0,8675.0,8515.0,7983.0,27.0,11.0,325.0,149.0,20.0,133.0,28.0,3.0,4.0,79.0,6.0,13.0,27.0
Parque Colúmbia,2935.0,2905.0,2668.0,237.0,30.0,2935.0,2912.0,2260.0,551.0,75.0,26.0,23.0,2935.0,2933.0,2852.0,81.0,2.0,2935.0,2912.0,2419.0,178.0,13.0,25.0,276.0,1.0,18.0,12.0,0.0,0.0,5.0,1.0,0.0,5.0
Pavuna,31063.0,30749.0,26186.0,4563.0,314.0,31063.0,30676.0,24645.0,5083.0,757.0,191.0,387.0,31063.0,31056.0,30939.0,117.0,7.0,31063.0,30676.0,28268.0,547.0,186.0,779.0,818.0,78.0,329.0,149.0,28.0,26.0,48.0,25.0,53.0,58.0
Região de Planejamento 3.7 - Ilha do Governador,71743.0,71304.0,61898.0,9406.0,439.0,71743.0,70480.0,40701.0,18850.0,7857.0,3072.0,1263.0,71743.0,71732.0,71133.0,599.0,11.0,71743.0,70480.0,68237.0,1073.0,167.0,461.0,492.0,50.0,1241.0,1156.0,27.0,8.0,38.0,4.0,8.0,22.0
 XX Ilha do Governador ,71743.0,71304.0,61898.0,9406.0,439.0,71743.0,70480.0,40701.0,18850.0,7857.0,3072.0,1263.0,71743.0,71732.0,71133.0,599.0,11.0,71743.0,70480.0,68237.0,1073.0,167.0,461.0,492.0,50.0,1241.0,1156.0,27.0,8.0,38.0,4.0,8.0,22.0
Bancários,4088.0,4088.0,3856.0,232.0,0.0,4088.0,4078.0,2720.0,985.0,257.0,116.0,10.0,4088.0,4088.0,3921.0,167.0,0.0,4088.0,4078.0,4018.0,21.0,7.0,23.0,3.0,6.0,7.0,7.0,0.0,0.0,0.0,0.0,0.0,3.0
Cacuia,3769.0,3753.0,3660.0,93.0,16.0,3769.0,3636.0,2500.0,899.0,180.0,57.0,133.0,3769.0,3769.0,3769.0,0.0,0.0,3769.0,3636.0,3459.0,24.0,13.0,42.0,94.0,4.0,132.0,131.0,1.0,0.0,0.0,0.0,0.0,1.0
Cidade Universitária,457.0,457.0,432.0,25.0,0.0,457.0,454.0,303.0,131.0,16.0,4.0,3.0,457.0,457.0,457.0,0.0,0.0,457.0,454.0,318.0,6.0,11.0,3.0,114.0,2.0,3.0,3.0,0.0,0.0,0.0,0.0,0.0,0.0
Cocotá,1706.0,1706.0,1570.0,136.0,0.0,1706.0,1686.0,797.0,608.0,207.0,74.0,20.0,1706.0,1706.0,1705.0,1.0,0.0,1706.0,1686.0,1682.0,3.0,1.0,0.0,0.0,0.0,20.0,20.0,0.0,0.0,0.0,0.0,0.0,0.0
Freguesia,6581.0,6579.0,5511.0,1068.0,2.0,6581.0,6551.0,3914.0,1918.0,553.0,166.0,30.0,6581.0,6579.0,6564.0,15.0,2.0,6581.0,6551.0,6428.0,35.0,8.0,44.0,36.0,0.0,23.0,22.0,0.0,0.0,0.0,0.0,1.0,7.0
Freguesia,6581.0,6579.0,5511.0,1068.0,2.0,6581.0,6551.0,3914.0,1918.0,553.0,166.0,30.0,6581.0,6579.0,6564.0,15.0,2.0,24133.0,23860.0,19049.0,3039.0,1211.0,225.0,315.0,21.0,197.0,52.0,2.0,65.0,12.0,53.0,13.0,76.0
Freguesia,6581.0,6579.0,5511.0,1068.0,2.0,6581.0,6551.0,3914.0,1918.0,553.0,166.0,30.0,24133.0,24130.0,23760.0,370.0,3.0,6581.0,6551.0,6428.0,35.0,8.0,44.0,36.0,0.0,23.0,22.0,0.0,0.0,0.0,0.0,1.0,7.0
Freguesia,6581.0,6579.0,5511.0,1068.0,2.0,6581.0,6551.0,3914.0,1918.0,553.0,166.0,30.0,24133.0,24130.0,23760.0,370.0,3.0,24133.0,23860.0,19049.0,3039.0,1211.0,225.0,315.0,21.0,197.0,52.0,2.0,65.0,12.0,53.0,13.0,76.0
Freguesia,6581.0,6579.0,5511.0,1068.0,2.0,24133.0,23860.0,11813.0,5715.0,4700.0,1632.0,273.0,6581.0,6579.0,6564.0,15.0,2.0,6581.0,6551.0,6428.0,35.0,8.0,44.0,36.0,0.0,23.0,22.0,0.0,0.0,0.0,0.0,1.0,7.0
Freguesia,6581.0,6579.0,5511.0,1068.0,2.0,24133.0,23860.0,11813.0,5715.0,4700.0,1632.0,273.0,6581.0,6579.0,6564.0,15.0,2.0,24133.0,23860.0,19049.0,3039.0,1211.0,225.0,315.0,21.0,197.0,52.0,2.0,65.0,12.0,53.0,13.0,76.0
Freguesia,6581.0,6579.0,5511.0,1068.0,2.0,24133.0,23860.0,11813.0,5715.0,4700.0,1632.0,273.0,24133.0,24130.0,23760.0,370.0,3.0,6581.0,6551.0,6428.0,35.0,8.0,44.0,36.0,0.0,23.0,22.0,0.0,0.0,0.0,0.0,1.0,7.0
Freguesia,6581.0,6579.0,5511.0,1068.0,2.0,24133.0,23860.0,11813.0,5715.0,4700.0,1632.0,273.0,24133.0,24130.0,23760.0,370.0,3.0,24133.0,23860.0,19049.0,3039.0,1211.0,225.0,315.0,21.0,197.0,52.0,2.0,65.0,12.0,53.0,13.0,76.0
Freguesia,24133.0,24034.0,19854.0,4180.0,99.0,6581.0,6551.0,3914.0,1918.0,553.0,166.0,30.0,6581.0,6579.0,6564.0,15.0,2.0,6581.0,6551.0,6428.0,35.0,8.0,44.0,36.0,0.0,23.0,22.0,0.0,0.0,0.0,0.0,1.0,7.0
Freguesia,24133.0,24034.0,19854.0,4180.0,99.0,6581.0,6551.0,3914.0,1918.0,553.0,166.0,30.0,6581.0,6579.0,6564.0,15.0,2.0,24133.0,23860.0,19049.0,3039.0,1211.0,225.0,315.0,21.0,197.0,52.0,2.0,65.0,12.0,53.0,13.0,76.0
Freguesia,24133.0,24034.0,19854.0,4180.0,99.0,6581.0,6551.0,3914.0,1918.0,553.0,166.0,30.0,24133.0,24130.0,23760.0,370.0,3.0,6581.0,6551.0,6428.0,35.0,8.0,44.0,36.0,0.0,23.0,22.0,0.0,0.0,0.0,0.0,1.0,7.0
Freguesia,24133.0,24034.0,19854.0,4180.0,99.0,6581.0,6551.0,3914.0,1918.0,553.0,166.0,30.0,24133.0,24130.0,23760.0,370.0,3.0,24133.0,23860.0,19049.0,3039.0,1211.0,225.0,315.0,21.0,197.0,52.0,2.0,65.0,12.0,53.0,13.0,76.0
Freguesia,24133.0,24034.0,19854.0,4180.0,99.0,24133.0,23860.0,11813.0,5715.0,4700.0,1632.0,273.0,6581.0,6579.0,6564.0,15.0,2.0,6581.0,6551.0,6428.0,35.0,8.0,44.0,36.0,0.0,23.0,22.0,0.0,0.0,0.0,0.0,1.0,7.0
Freguesia,24133.0,24034.0,19854.0,4180.0,99.0,24133.0,23860.0,11813.0,5715.0,4700.0,1632.0,273.0,6581.0,6579.0,6564.0,15.0,2.0,24133.0,23860.0,19049.0,3039.0,1211.0,225.0,315.0,21.0,197.0,52.0,2.0,65.0,12.0,53.0,13.0,76.0
Freguesia,24133.0,24034.0,19854.0,4180.0,99.0,24133.0,23860.0,11813.0,5715.0,4700.0,1632.0,273.0,24133.0,24130.0,23760.0,370.0,3.0,6581.0,6551.0,6428.0,35.0,8.0,44.0,36.0,0.0,23.0,22.0,0.0,0.0,0.0,0.0,1.0,7.0
Freguesia,24133.0,24034.0,19854.0,4180.0,99.0,24133.0,23860.0,11813.0,5715.0,4700.0,1632.0,273.0,24133.0,24130.0,23760.0,370.0,3.0,24133.0,23860.0,19049.0,3039.0,1211.0,225.0,315.0,21.0,197.0,52.0,2.0,65.0,12.0,53.0,13.0,76.0
Galeão,6857.0,6599.0,5382.0,1217.0,258.0,6857.0,6796.0,4675.0,1786.0,275.0,60.0,61.0,6857.0,6856.0,6733.0,123.0,1.0,6857.0,6796.0,6185.0,216.0,89.0,270.0,34.0,2.0,60.0,50.0,0.0,3.0,5.0,0.0,2.0,1.0
Jardim Carioca,8448.0,8448.0,7992.0,456.0,0.0,8448.0,8028.0,5272.0,1960.0,584.0,212.0,420.0,8448.0,8447.0,8423.0,24.0,1.0,8448.0,8028.0,7954.0,61.0,7.0,2.0,0.0,4.0,416.0,410.0,1.0,5.0,0.0,0.0,0.0,4.0
Jardim Guanabara,11292.0,11286.0,10583.0,703.0,6.0,11292.0,11283.0,2209.0,3830.0,3692.0,1552.0,9.0,11292.0,11292.0,11288.0,4.0,0.0,11292.0,11283.0,11166.0,77.0,6.0,0.0,33.0,1.0,8.0,7.0,1.0,0.0,0.0,0.0,0.0,1.0
Moneró,2384.0,2383.0,2139.0,244.0,1.0,2384.0,2381.0,1208.0,619.0,384.0,170.0,3.0,2384.0,2384.0,2384.0,0.0,0.0,2384.0,2381.0,2255.0,94.0,2.0,0.0,29.0,1.0,3.0,3.0,0.0,0.0,0.0,0.0,0.0,0.0
Pitangueiras,3917.0,3837.0,2178.0,1659.0,80.0,3917.0,3860.0,2822.0,746.0,199.0,93.0,57.0,3917.0,3917.0,3916.0,1.0,0.0,3917.0,3860.0,3841.0,2.0,2.0,0.0,14.0,1.0,55.0,54.0,0.0,0.0,1.0,0.0,0.0,2.0
Portuguesa,8304.0,8303.0,7173.0,1130.0,1.0,8304.0,8255.0,5796.0,1678.0,535.0,246.0,49.0,8304.0,8301.0,8291.0,10.0,3.0,8304.0,8255.0,7798.0,439.0,1.0,3.0,13.0,1.0,48.0,46.0,1.0,0.0,0.0,1.0,0.0,1.0
Praia da Bandeira,2135.0,2135.0,1923.0,212.0,0.0,2135.0,2134.0,1605.0,333.0,143.0,53.0,1.0,2135.0,2135.0,2135.0,0.0,0.0,2135.0,2134.0,2112.0,9.0,8.0,0.0,5.0,0.0,1.0,1.0,0.0,0.0,0.0,0.0,0.0,0.0
Ribeira,1263.0,1263.0,1261.0,2.0,0.0,1263.0,1238.0,517.0,469.0,190.0,62.0,25.0,1263.0,1263.0,1263.0,0.0,0.0,1263.0,1238.0,1227.0,1.0,1.0,0.0,0.0,9.0,25.0,25.0,0.0,0.0,0.0,0.0,0.0,0.0
Tauá,9811.0,9736.0,7508.0,2228.0,75.0,9811.0,9370.0,6108.0,2526.0,545.0,191.0,441.0,9811.0,9807.0,9554.0,253.0,4.0,9811.0,9370.0,9070.0,85.0,11.0,74.0,117.0,13.0,439.0,376.0,23.0,0.0,32.0,3.0,5.0,2.0
Zumbi,731.0,731.0,730.0,1.0,0.0,731.0,730.0,255.0,362.0,97.0,16.0,1.0,731.0,731.0,730.0,1.0,0.0,731.0,730.0,724.0,0.0,0.0,0.0,0.0,6.0,1.0,1.0,0.0,0.0,0.0,0.0,0.0,0.0
Área de Planejamento 4,309067.0,306671.0,243892.0,62779.0,2396.0,309067.0,300575.0,165455.0,65089.0,47264.0,22767.0,8492.0,309067.0,308987.0,305086.0,3901.0,80.0,309067.0,300575.0,247190.0,27529.0,6161.0,6949.0,10981.0,1765.0,8236.0,6142.0,174.0,197.0,1006.0,670.0,47.0,256.0
Região de Planejamento 4.1 - Jacarepaguá,202954.0,200848.0,159334.0,41514.0,2106.0,202954.0,196188.0,128808.0,42848.0,17559.0,6973.0,6766.0,202954.0,202905.0,199798.0,3107.0,49.0,202954.0,196188.0,167397.0,13679.0,3520.0,3350.0,7311.0,931.0,6569.0,5781.0,95.0,133.0,269.0,253.0,38.0,197.0
XVI Jacarepaguá ,191566.0,189500.0,151725.0,37775.0,2066.0,191566.0,184929.0,119272.0,41401.0,17340.0,6916.0,6637.0,191566.0,191524.0,188653.0,2871.0,42.0,191566.0,184929.0,156458.0,13553.0,3505.0,3272.0,7216.0,925.0,6457.0,5682.0,94.0,133.0,266.0,245.0,37.0,180.0
Anil,8066.0,8064.0,6949.0,1115.0,2.0,8066.0,8036.0,3946.0,2007.0,1308.0,775.0,30.0,8066.0,8064.0,8041.0,23.0,2.0,8066.0,8036.0,6168.0,1492.0,30.0,30.0,277.0,39.0,28.0,16.0,2.0,2.0,7.0,1.0,0.0,2.0
Curicica,10091.0,10030.0,9790.0,240.0,61.0,10091.0,9944.0,6710.0,2405.0,566.0,263.0,147.0,10091.0,10086.0,10052.0,34.0,5.0,10091.0,9944.0,8394.0,482.0,103.0,342.0,595.0,28.0,142.0,132.0,0.0,2.0,0.0,7.0,1.0,5.0
Gardênia Azul,6025.0,6005.0,5468.0,537.0,20.0,6025.0,5757.0,4711.0,749.0,203.0,94.0,268.0,6025.0,6025.0,6014.0,11.0,0.0,6025.0,5757.0,5073.0,444.0,56.0,9.0,151.0,24.0,266.0,251.0,7.0,8.0,0.0,0.0,0.0,2.0
Jacarepaguá,52812.0,51090.0,31288.0,19802.0,1722.0,52812.0,47746.0,37823.0,6396.0,2340.0,1187.0,5066.0,52812.0,52798.0,51101.0,1697.0,14.0,52812.0,47746.0,36926.0,2820.0,1444.0,2021.0,4003.0,532.0,5018.0,4493.0,67.0,53.0,227.0,161.0,17.0,48.0
Pechincha,12467.0,12466.0,10269.0,2197.0,1.0,12467.0,12371.0,6520.0,4023.0,1348.0,480.0,96.0,12467.0,12463.0,12444.0,19.0,4.0,12467.0,12371.0,10918.0,1259.0,98.0,10.0,46.0,40.0,95.0,91.0,4.0,0.0,0.0,0.0,0.0,1.0
Praça Seca,20897.0,20826.0,17237.0,3589.0,71.0,20897.0,20592.0,13552.0,5456.0,1289.0,295.0,305.0,20897.0,20897.0,20651.0,246.0,0.0,20897.0,20592.0,19445.0,756.0,75.0,220.0,17.0,79.0,284.0,277.0,2.0,1.0,3.0,0.0,1.0,21.0
Tanque,12556.0,12525.0,11238.0,1287.0,31.0,12556.0,12460.0,8454.0,3035.0,686.0,285.0,96.0,12556.0,12549.0,12254.0,295.0,7.0,12556.0,12460.0,11534.0,332.0,61.0,79.0,428.0,26.0,85.0,72.0,4.0,1.0,4.0,3.0,1.0,11.0
Taquara,33841.0,33786.0,29589.0,4197.0,55.0,33841.0,33521.0,21176.0,7832.0,3161.0,1352.0,320.0,33841.0,33834.0,33746.0,88.0,7.0,33841.0,33521.0,29106.0,2461.0,204.0,326.0,1334.0,90.0,308.0,267.0,6.0,1.0,11.0,20.0,3.0,12.0
Vila Valqueire,10678.0,10674.0,10043.0,631.0,4.0,10678.0,10642.0,4567.0,3783.0,1739.0,553.0,36.0,10678.0,10678.0,10590.0,88.0,0.0,10678.0,10642.0,9845.0,468.0,223.0,10.0,50.0,46.0,34.0,31.0,0.0,0.0,2.0,0.0,1.0,2.0
XXXIV Cidade de Deus,11388.0,11348.0,7609.0,3739.0,40.0,11388.0,11259.0,9536.0,1447.0,219.0,57.0,129.0,11388.0,11381.0,11145.0,236.0,7.0,11388.0,11259.0,10939.0,126.0,15.0,78.0,95.0,6.0,112.0,99.0,1.0,0.0,3.0,8.0,1.0,17.0
Cidade de Deus,11388.0,11348.0,7609.0,3739.0,40.0,11388.0,11259.0,9536.0,1447.0,219.0,57.0,129.0,11388.0,11381.0,11145.0,236.0,7.0,11388.0,11259.0,10939.0,126.0,15.0,78.0,95.0,6.0,112.0,99.0,1.0,0.0,3.0,8.0,1.0,17.0
Região de Planejamento 4.2 - Barra da Tijuca,106113.0,105823.0,84558.0,21265.0,290.0,106113.0,104387.0,36647.0,22241.0,29705.0,15794.0,1726.0,106113.0,106082.0,105288.0,794.0,31.0,106113.0,104387.0,79793.0,13850.0,2641.0,3599.0,3670.0,834.0,1667.0,361.0,79.0,64.0,737.0,417.0,9.0,59.0
XXIV Barra da Tijuca ,106113.0,105823.0,84558.0,21265.0,290.0,106113.0,104387.0,36647.0,22241.0,29705.0,15794.0,1726.0,106113.0,106082.0,105288.0,794.0,31.0,106113.0,104387.0,79793.0,13850.0,2641.0,3599.0,3670.0,834.0,1667.0,361.0,79.0,64.0,737.0,417.0,9.0,59.0
Barra da Tijuca,51167.0,51153.0,46041.0,5112.0,14.0,51167.0,51076.0,9025.0,11870.0,19973.0,10208.0,91.0,51167.0,51161.0,51091.0,70.0,6.0,51167.0,51076.0,45288.0,4329.0,782.0,62.0,130.0,485.0,86.0,51.0,7.0,7.0,20.0,0.0,1.0,5.0
Camorim,655.0,646.0,639.0,7.0,9.0,655.0,635.0,264.0,249.0,89.0,33.0,20.0,655.0,655.0,652.0,3.0,0.0,655.0,635.0,237.0,155.0,9.0,1.0,232.0,1.0,19.0,0.0,3.0,0.0,0.0,16.0,0.0,1.0
Grumari,44.0,44.0,44.0,0.0,0.0,44.0,38.0,31.0,5.0,2.0,0.0,6.0,44.0,42.0,42.0,0.0,2.0,44.0,38.0,0.0,13.0,11.0,14.0,0.0,0.0,5.0,0.0,1.0,1.0,3.0,0.0,0.0,1.0
Itanhangá,12782.0,12713.0,7531.0,5182.0,69.0,12782.0,11892.0,9521.0,1209.0,530.0,632.0,890.0,12782.0,12779.0,12326.0,453.0,3.0,12782.0,11892.0,5334.0,2899.0,174.0,1458.0,1876.0,151.0,879.0,196.0,4.0,5.0,662.0,10.0,2.0,11.0
Joá,250.0,250.0,244.0,6.0,0.0,250.0,249.0,11.0,38.0,67.0,133.0,1.0,250.0,250.0,250.0,0.0,0.0,250.0,249.0,125.0,122.0,2.0,0.0,0.0,0.0,1.0,0.0,1.0,0.0,0.0,0.0,0.0,0.0
Recreio dos Bandeirantes,28332.0,28255.0,22426.0,5829.0,77.0,28332.0,28198.0,9226.0,6763.0,8090.0,4119.0,134.0,28332.0,28322.0,28192.0,130.0,10.0,28332.0,28198.0,22026.0,3493.0,658.0,1142.0,717.0,162.0,122.0,39.0,26.0,18.0,28.0,9.0,2.0,12.0
Vargem Grande,4464.0,4417.0,3380.0,1037.0,47.0,4464.0,4355.0,2776.0,920.0,399.0,260.0,109.0,4464.0,4456.0,4382.0,74.0,8.0,4464.0,4355.0,1293.0,1469.0,695.0,574.0,313.0,11.0,87.0,5.0,20.0,32.0,13.0,14.0,3.0,22.0
Vargem Pequena,8419.0,8345.0,4253.0,4092.0,74.0,8419.0,7944.0,5793.0,1187.0,555.0,409.0,475.0,8419.0,8417.0,8353.0,64.0,2.0,8419.0,7944.0,5490.0,1370.0,310.0,348.0,402.0,24.0,468.0,70.0,17.0,1.0,11.0,368.0,1.0,7.0
Área de Planejamento 5,534278.0,530547.0,495206.0,35341.0,3731.0,534278.0,530659.0,403450.0,103197.0,18717.0,5295.0,3619.0,534278.0,533876.0,525922.0,7954.0,402.0,534278.0,530659.0,440634.0,41668.0,12909.0,24926.0,8561.0,1961.0,3153.0,2196.0,248.0,129.0,375.0,70.0,135.0,466.0
Região de Planejamento 5.1 - Bangu,212334.0,211134.0,194136.0,16998.0,1200.0,212334.0,210692.0,160985.0,40675.0,7210.0,1822.0,1642.0,212334.0,212228.0,209491.0,2737.0,106.0,212334.0,210692.0,193629.0,9500.0,1636.0,3052.0,2428.0,447.0,1498.0,1164.0,100.0,47.0,68.0,46.0,73.0,144.0
XVII Bangu ,132801.0,131900.0,121857.0,10043.0,901.0,132801.0,131720.0,101408.0,24968.0,4248.0,1096.0,1081.0,132801.0,132732.0,130608.0,2124.0,69.0,132801.0,131720.0,122549.0,4773.0,719.0,2377.0,1060.0,242.0,1008.0,795.0,76.0,21.0,54.0,36.0,26.0,73.0
Bangu,76832.0,76199.0,70301.0,5898.0,633.0,76832.0,76359.0,58003.0,14918.0,2726.0,712.0,473.0,76832.0,76787.0,75746.0,1041.0,45.0,76832.0,76359.0,71026.0,2514.0,579.0,1204.0,865.0,171.0,430.0,306.0,16.0,20.0,46.0,16.0,26.0,43.0
Gericinó ,781.0,732.0,720.0,12.0,49.0,781.0,745.0,599.0,125.0,20.0,1.0,36.0,781.0,781.0,700.0,81.0,0.0,781.0,745.0,700.0,3.0,11.0,27.0,2.0,2.0,34.0,13.0,1.0,1.0,0.0,19.0,0.0,2.0
Padre Miguel,21146.0,21125.0,19360.0,1765.0,21.0,21146.0,21086.0,16485.0,3755.0,666.0,180.0,60.0,21146.0,21141.0,21024.0,117.0,5.0,21146.0,21086.0,20264.0,601.0,60.0,98.0,45.0,18.0,53.0,50.0,3.0,0.0,0.0,0.0,0.0,7.0
Senador Camará,34042.0,33844.0,31476.0,2368.0,198.0,34042.0,33530.0,26321.0,6170.0,836.0,203.0,512.0,34042.0,34023.0,33138.0,885.0,19.0,34042.0,33530.0,30559.0,1655.0,69.0,1048.0,148.0,51.0,491.0,426.0,56.0,0.0,8.0,1.0,0.0,21.0
XXXIII Realengo,79533.0,79234.0,72279.0,6955.0,299.0,79533.0,78972.0,59577.0,15707.0,2962.0,726.0,561.0,79533.0,79496.0,78883.0,613.0,37.0,79533.0,78972.0,71080.0,4727.0,917.0,675.0,1368.0,205.0,490.0,369.0,24.0,26.0,14.0,10.0,47.0,71.0
Campo dos Afonsos,375.0,375.0,375.0,0.0,0.0,375.0,375.0,73.0,152.0,145.0,5.0,0.0,375.0,375.0,375.0,0.0,0.0,375.0,375.0,374.0,1.0,0.0,0.0,0.0,0.0,0.0,0.0,0.0,0.0,0.0,0.0,0.0,0.0
Deodoro,3291.0,3167.0,2970.0,197.0,124.0,3291.0,3285.0,2790.0,418.0,59.0,18.0,6.0,3291.0,3289.0,3279.0,10.0,2.0,3291.0,3285.0,2999.0,90.0,2.0,43.0,138.0,13.0,3.0,1.0,0.0,0.0,0.0,2.0,0.0,3.0
Jardim Sulacap,4388.0,4383.0,3690.0,693.0,5.0,4388.0,4383.0,2359.0,1475.0,419.0,130.0,5.0,4388.0,4386.0,4383.0,3.0,2.0,4388.0,4383.0,3899.0,336.0,94.0,29.0,12.0,13.0,2.0,2.0,0.0,0.0,0.0,0.0,0.0,3.0
Magalhães Bastos,8089.0,8086.0,7617.0,469.0,3.0,8089.0,7973.0,5951.0,1649.0,295.0,78.0,116.0,8089.0,8077.0,8043.0,34.0,12.0,8089.0,7973.0,7166.0,378.0,101.0,192.0,61.0,75.0,115.0,113.0,0.0,1.0,0.0,0.0,1.0,1.0
Realengo,59238.0,59071.0,53633.0,5438.0,167.0,59238.0,58808.0,45743.0,10809.0,1797.0,459.0,430.0,59238.0,59218.0,58662.0,556.0,20.0,59238.0,58808.0,53602.0,2859.0,703.0,384.0,1157.0,103.0,366.0,249.0,24.0,25.0,14.0,8.0,46.0,64.0
Vila Militar,4152.0,4152.0,3994.0,158.0,0.0,4152.0,4148.0,2661.0,1204.0,247.0,36.0,4.0,4152.0,4151.0,4141.0,10.0,1.0,4152.0,4148.0,3040.0,1063.0,17.0,27.0,0.0,1.0,4.0,4.0,0.0,0.0,0.0,0.0,0.0,0.0
Região de Planejamento 5.2 - Campo Grande,171702.0,170717.0,159858.0,10859.0,985.0,171702.0,170792.0,125204.0,36310.0,7107.0,2171.0,910.0,171702.0,171570.0,169861.0,1709.0,132.0,171702.0,170792.0,141155.0,18170.0,3352.0,4981.0,2548.0,586.0,799.0,560.0,69.0,38.0,87.0,12.0,33.0,111.0
XVIII Campo Grande ,171702.0,170717.0,159858.0,10859.0,985.0,171702.0,170792.0,125204.0,36310.0,7107.0,2171.0,910.0,171702.0,171570.0,169861.0,1709.0,132.0,171702.0,170792.0,141155.0,18170.0,3352.0,4981.0,2548.0,586.0,799.0,560.0,69.0,38.0,87.0,12.0,33.0,111.0
Campo Grande,104804.0,104229.0,98162.0,6067.0,575.0,104804.0,104383.0,72668.0,24589.0,5444.0,1682.0,421.0,104804.0,104749.0,104008.0,741.0,55.0,104804.0,104383.0,84665.0,13158.0,1937.0,2391.0,1857.0,375.0,354.0,236.0,44.0,26.0,25.0,4.0,19.0,67.0
Cosmos,24081.0,24003.0,23131.0,872.0,78.0,24081.0,23781.0,19194.0,3972.0,498.0,117.0,300.0,24081.0,24060.0,23811.0,249.0,21.0,24081.0,23781.0,19843.0,2271.0,393.0,1173.0,82.0,19.0,277.0,223.0,10.0,2.0,39.0,0.0,3.0,23.0
Inhoaíba,19867.0,19723.0,18869.0,854.0,144.0,19867.0,19790.0,15971.0,3239.0,425.0,155.0,77.0,19867.0,19838.0,19436.0,402.0,29.0,19867.0,19790.0,17414.0,1011.0,680.0,399.0,186.0,100.0,70.0,40.0,14.0,5.0,10.0,0.0,1.0,7.0
Santíssimo,13124.0,13019.0,11229.0,1790.0,105.0,13124.0,13032.0,9853.0,2635.0,412.0,132.0,92.0,13124.0,13101.0,12840.0,261.0,23.0,13124.0,13032.0,11549.0,568.0,136.0,531.0,182.0,66.0,87.0,55.0,1.0,4.0,11.0,7.0,9.0,5.0
Senador Vasconcelos,9826.0,9743.0,8467.0,1276.0,83.0,9826.0,9806.0,7518.0,1875.0,328.0,85.0,20.0,9826.0,9822.0,9766.0,56.0,4.0,9826.0,9806.0,7684.0,1162.0,206.0,487.0,241.0,26.0,11.0,6.0,0.0,1.0,2.0,1.0,1.0,9.0
Região de Planejamento 5.3 - Santa Cruz,112598.0,111265.0,105292.0,5973.0,1333.0,112598.0,111755.0,88954.0,19087.0,2961.0,753.0,843.0,112598.0,112493.0,110041.0,2452.0,105.0,112598.0,111755.0,85736.0,8754.0,5205.0,9924.0,1527.0,609.0,669.0,406.0,71.0,36.0,123.0,8.0,25.0,174.0
XIX Santa Cruz ,112598.0,111265.0,105292.0,5973.0,1333.0,112598.0,111755.0,88954.0,19087.0,2961.0,753.0,843.0,112598.0,112493.0,110041.0,2452.0,105.0,112598.0,111755.0,85736.0,8754.0,5205.0,9924.0,1527.0,609.0,669.0,406.0,71.0,36.0,123.0,8.0,25.0,174.0
Paciência,28678.0,28483.0,26713.0,1770.0,195.0,28678.0,28531.0,22920.0,4871.0,605.0,135.0,147.0,28678.0,28651.0,27977.0,674.0,27.0,28678.0,28531.0,23560.0,1938.0,1190.0,1516.0,185.0,142.0,120.0,75.0,14.0,5.0,19.0,1.0,6.0,27.0
Santa Cruz,66087.0,65000.0,61055.0,3945.0,1087.0,66087.0,65484.0,52509.0,10832.0,1723.0,420.0,603.0,66087.0,66029.0,64336.0,1693.0,58.0,66087.0,65484.0,49897.0,5132.0,2172.0,6900.0,1114.0,269.0,479.0,291.0,51.0,15.0,99.0,5.0,18.0,124.0
Sepetiba,17833.0,17782.0,17524.0,258.0,51.0,17833.0,17740.0,13525.0,3384.0,633.0,198.0,93.0,17833.0,17813.0,17728.0,85.0,20.0,17833.0,17740.0,12279.0,1684.0,1843.0,1508.0,228.0,198.0,70.0,40.0,6.0,16.0,5.0,2.0,1.0,23.0
Região de Planejamento 5.4 - Guaratiba ,37644.0,37431.0,35920.0,1511.0,213.0,37644.0,37420.0,28307.0,7125.0,1439.0,549.0,224.0,37644.0,37585.0,36529.0,1056.0,59.0,37644.0,37420.0,20114.0,5244.0,2716.0,6969.0,2058.0,319.0,187.0,66.0,8.0,8.0,97.0,4.0,4.0,37.0
XXVI Guaratiba ,37644.0,37431.0,35920.0,1511.0,213.0,37644.0,37420.0,28307.0,7125.0,1439.0,549.0,224.0,37644.0,37585.0,36529.0,1056.0,59.0,37644.0,37420.0,20114.0,5244.0,2716.0,6969.0,2058.0,319.0,187.0,66.0,8.0,8.0,97.0,4.0,4.0,37.0
Barra de Guaratiba,1172.0,1170.0,974.0,196.0,2.0,1172.0,1166.0,818.0,262.0,60.0,26.0,6.0,1172.0,1170.0,1169.0,1.0,2.0,1172.0,1166.0,375.0,385.0,32.0,194.0,176.0,4.0,4.0,3.0,0.0,1.0,0.0,0.0,0.0,2.0
Guaratiba,33389.0,33180.0,31881.0,1299.0,209.0,33389.0,33174.0,25650.0,5968.0,1125.0,431.0,215.0,33389.0,33336.0,32286.0,1050.0,53.0,33389.0,33174.0,17143.0,4606.0,2615.0,6669.0,1840.0,301.0,180.0,60.0,8.0,7.0,97.0,4.0,4.0,35.0
Pedra de Guaratiba,3083.0,3081.0,3065.0,16.0,2.0,3083.0,3080.0,1839.0,895.0,254.0,92.0,3.0,3083.0,3079.0,3074.0,5.0,4.0,3083.0,3080.0,2596.0,253.0,69.0,106.0,42.0,14.0,3.0,3.0,0.0,0.0,0.0,0.0,0.0,0.0
