Model,ID_REGIAO,ID_UF,ID_MUNICIPIO,ID_ESCOLA,ID_DEPENDENCIA_ADM,ID_LOCALIZACAO,ID_CAPITAL,ID_TURMA,ID_TURNO,IN_PROVA_BRASIL,TX_RESP_Q001,TX_RESP_Q002,TX_RESP_Q003,TX_RESP_Q004,TX_RESP_Q005,TX_RESP_Q006,TX_RESP_Q007,TX_RESP_Q008,TX_RESP_Q009,TX_RESP_Q010,TX_RESP_Q011,TX_RESP_Q012,TX_RESP_Q013,TX_RESP_Q014,TX_RESP_Q015,TX_RESP_Q016,TX_RESP_Q017,TX_RESP_Q018,TX_RESP_Q019,TX_RESP_Q020,TX_RESP_Q021,TX_RESP_Q022,TX_RESP_Q023,TX_RESP_Q024,TX_RESP_Q025,TX_RESP_Q026,TX_RESP_Q027,TX_RESP_Q028,TX_RESP_Q029,TX_RESP_Q030,TX_RESP_Q031,TX_RESP_Q032,TX_RESP_Q033,TX_RESP_Q034,TX_RESP_Q035,TX_RESP_Q036,TX_RESP_Q037,TX_RESP_Q038,TX_RESP_Q039,TX_RESP_Q040,TX_RESP_Q041,TX_RESP_Q042,TX_RESP_Q043,TX_RESP_Q044,TX_RESP_Q045,TX_RESP_Q046,TX_RESP_Q047,TX_RESP_Q048,TX_RESP_Q049,TX_RESP_Q051,TX_RESP_Q052,TX_RESP_Q053,TX_RESP_Q054,TX_RESP_Q055,TX_RESP_Q056,TX_RESP_Q057,TX_RESP_Q058,PESO,PROFICIENCIA_LP,DESVIO_PADRAO_LP,PROFICIENCIA_MT,DESVIO_PADRAO_MT
ARDRegression,-0.06905243240256272,0.0,0.0,0.0,0.0,0.0,0.0,0.0,0.054833338950761805,0.11764669000989565,-0.01737281504387169,0.0,0.0,0.09229539637384572,-0.01879544235381463,0.0,-0.03374734015307133,0.020754850610844266,0.0,0.0,0.0,0.0,0.0,0.0,-0.026799759668967287,-0.013774747959447121,0.0,0.027367157753419843,-0.015110024816063756,0.0,0.0,0.03739019165220608,0.0,0.0,0.0,0.042371171988123874,0.0,0.02320727219429269,0.0,0.05791407877653131,0.00639281152200889,0.0,0.0,0.0,0.0,0.016939843000732063,0.0,0.0,0.009757079293415887,0.0,0.0,-0.012671761263540426,0.0,0.0,0.0,-0.07326698042385259,0.0,0.0108559042572832,0.06233017806418002,0.0,0.011960528571618294,0.0,-0.019522737413493974,0.036177433660909954,0.02321516061300228,0.0,0.02212946500487214,1.8425863368898783,0.018713123684305468,0.07190686718250869,0.0,0.04438030933420751
BayesianRidge,-0.022988429324310826,-0.014237195229240638,5.2977907913016426e-05,1.4881624513620412e-06,-0.014566634938423584,-0.0010158785792463805,-0.0047674622613157955,-1.236630831416308e-07,0.050673017425366514,0.02157420052099734,-0.02014068576225444,0.00026767687518043475,-0.00782911897417598,0.09468887547155319,-0.018137377920165426,-0.005146163620958733,-0.026730592649152413,0.018786098905691398,-0.004599904870200812,-0.009816616709704224,-0.008849244382713367,0.005230610291611792,0.009758061240793666,0.007635595110179635,-0.0260606790354956,-0.013189592340357634,-0.005290407015847774,0.02774830250768931,-0.012018065975716617,0.004790054408867897,-0.00474962633122087,0.03558818693054292,-0.006978522469252303,0.0077116642936396855,-0.0010901629800180038,0.03965741729738171,-0.010307413926000045,0.022387281755384403,0.004618679996886858,0.03284528776421637,0.014063032191980717,-0.011397112198249803,0.007471008186600828,-0.004148601890602042,-0.007683542793977049,0.019091775140775643,0.0006917392607249905,-0.0010346823875127774,0.011344042850220538,0.005935422183183699,0.007794998011189963,-0.02066401817301038,0.0035836161210709896,0.006510123614894099,0.0034951292913607823,-0.0607513635196297,0.00643694622714965,0.014488414639617763,0.05590589115997542,-0.005162881338931302,0.014380073465704404,0.012997796873743075,-0.021089383822616256,0.03187329391057021,0.020824733834883022,0.004801617350814606,0.022077548723725256,0.0011157219728600116,0.001970738138895652,0.023343123460873597,-0.013499277059862681,0.017081740249405186
CCA,-0.06572030570241513,-0.10108922259783039,0.08013439102384427,0.006036151031036053,-0.012577030850237782,-0.004501260810594133,-0.007375627251351734,-0.003296860220446144,0.08378963242555271,0.04574462012275434,-0.029518491745215165,0.00038963851599233885,-0.06490208437864868,0.37816805681995835,-0.038759782137673476,-0.015834149863668556,-0.034697038799619474,0.02959013528600348,-0.009425284460495507,-0.01397062989346382,-0.011113166166537203,0.0168417543001264,0.02220054283089413,0.03097954028840506,-0.05705514405445125,-0.03238185615100638,-0.017480682295254835,0.04537716877893089,-0.05626610910439579,0.008440138537659111,-0.009664904062941772,0.06845463339429661,-0.04125356300688254,0.011055032638896255,-0.0009653135494309744,0.06589110301494791,-0.015941074795854385,0.02314034606168538,0.0008562756950083759,0.03548738220959586,0.015177965268203409,-0.02642618592765025,0.015881377066863184,-0.013806174945079965,-0.020758191084145474,0.047419314280786516,0.0019173881201381754,-0.0029336534306478182,0.02762487563087851,0.017074410350770737,0.025367354625601284,-0.052715214400943525,0.008930879850050883,0.018489152836423536,0.011797333445220212,-0.08407490308725417,0.013256279742085729,0.02751580050316048,0.10994884005519197,-0.0036387592778272747,0.017985234453689148,0.013214799141907397,-0.033951557290794396,0.05191445064697545,0.02636214026832952,0.01276957048001416,0.058942388313833624,0.03637340939650863,0.03641921713305076,0.039396182503193385,-0.016808290811961443,0.018689842908710005
ElasticNet,-0.0,-0.0,-3.473995464154244e-05,-1.7942356583102996e-05,0.0,0.0,0.0,-8.932504518655946e-09,0.0,0.0,-0.0,0.0,-0.0,0.0,-0.0,-0.0,0.0,0.0,0.0,-0.0,0.0,0.0,0.0,0.0,-0.0,-0.0,-0.0,0.0,-0.0,0.0,0.0,0.0,-0.0,0.0,0.0,0.0,0.0,0.0,0.0,0.0,0.0,-0.0,0.0,0.0,0.0,0.0,-0.0,0.0,0.0,0.0,-0.0,-0.0,-0.0,-0.0,0.0,-0.0,0.0,-0.0,0.0,0.0,0.0,0.0,0.0,0.0,0.0,0.0,0.0,0.0,-0.0,0.0,-0.0,0.0
ElasticNetCV,-0.0,-0.0,-7.803614145085177e-05,-5.528889038007821e-06,-0.0,0.0,0.0,-4.664834558529383e-08,0.0,0.0,-0.0,0.0,-0.0,0.08029388308410056,-0.0,-0.0,-0.0,0.0,0.0,-0.0,-0.0,0.0,0.0,0.0,-0.0,-0.0,-0.0,0.0,-0.0,0.0,0.0,0.0,-0.0,0.0,0.0,0.0,0.0,0.0,0.0,0.0,0.0,-0.0,0.0,0.0,0.0,0.0,0.0,0.0,0.0,0.0,0.0,-0.0,-0.0,0.0,0.0,-0.0,0.0,0.0,0.0,0.0,0.0,0.0,0.0,0.0,0.0,0.0,0.0,0.0,-0.0,0.0,-0.0,0.0
HuberRegressor,-0.002919503131470278,-0.013845651696006381,0.00019328714203155036,4.1019656512433745e-06,-0.004971145382431348,0.0004907468450115401,-0.003557887979469073,1.93288733585311e-05,0.03512096601146033,0.003533648646040154,-0.01751138131214221,-0.010411647072841191,-0.0025534487501096418,0.17679199513447755,-0.017354349597302674,-0.01745735163082882,-0.005794727495032318,0.004850857612393826,-0.004244888222185593,-0.010848748513803741,-0.006819380212442045,-0.007249931986210633,0.001523435623389439,-0.005541498309140979,-0.03352836248394001,-0.028598036454700895,-0.03979765957572999,0.020262926077716254,-0.03774089201375585,0.001311020563554377,-0.001947530908972097,0.02783566753051657,-0.004910529558605043,0.007485222094270743,0.002554560397111224,0.03528938843733259,-0.0002941901811381275,0.00828804999410906,0.0045072206397288785,0.005511225271548322,0.009625240901323556,-0.02168140522912997,-0.0014757611502546077,-0.005841993407097292,-0.009923467683122278,0.0043137539331321246,-0.012686662821102614,-0.013818243528029754,-0.0018175584321923008,-0.016979596123711558,-0.01689955074342205,-0.024137360204015898,-0.014971977463399802,-0.0018362976410360864,0.006856548435195144,-0.03561660817195107,0.010152094971258135,0.0037831205037537844,0.06815447794883653,-0.001372448081346969,0.015360692720045267,0.007051073208193535,-0.0018871410718948381,0.02022843531287541,0.010172614454389056,0.0027867430760303014,0.03457808482297487,4.5292100030354205e-05,-0.0046667055377755205,0.003553520018320507,-0.005153809187005472,0.0038135336182126434
Lars,-0.054995999989511886,-0.014620293218887552,9.692459884876829e-05,1.1836516315302784e-06,-0.009932624648676235,-0.005037375503008866,-0.007126639271003489,-3.317027461263124e-07,0.05495942215732286,0.1233941900992536,-0.022592157107378337,0.00012149360208809768,-0.007775081255833651,0.0944441591759608,-0.018700718373035254,-0.005207329126708615,-0.03627031885774422,0.0223178364894356,-0.006298064624190289,-0.01075883353533247,-0.008817984252873959,0.0059518952605704814,0.01084970938498114,0.008455004402330287,-0.02817862977461703,-0.013458269611989385,-0.0051971525130698,0.03039866351693077,-0.011495885383087176,0.007272634829883881,-0.008673044438516565,0.03812604155661079,-0.00705329213292929,0.006403531034905406,-0.000643296658851574,0.04026259150731495,-0.026997071258262402,0.030973515400165828,0.0009376572895752103,0.06470208426277389,0.013240802169024728,-0.011818345942605215,0.00821314726500617,-0.005904528956316788,-0.009246011428212231,0.020791174256861795,0.00084413642587463,-0.0012267823665558033,0.012105930711300374,0.006750673047513783,0.009892442478742918,-0.023015397080899124,0.0040182373686915625,0.006400940351359797,0.0031397862054598625,-0.07084307650535354,0.006087952787268824,0.018119817245839942,0.058264269713250126,-0.0034558863858569536,0.013251188429477938,0.012431380519644028,-0.027727431969641995,0.03536407194650862,0.022888992965791093,0.005277211342671833,0.022053122786725495,2.1638985232218366,0.09584959853391616,0.1268868881714609,-0.04465689832727849,0.056928804759955216
LarsCV,-0.054995999989511886,-0.014620293218887552,9.692459884876829e-05,1.1836516315302784e-06,-0.009932624648676235,-0.005037375503008866,-0.007126639271003489,-3.317027461263124e-07,0.05495942215732286,0.1233941900992536,-0.022592157107378337,0.00012149360208809768,-0.007775081255833651,0.0944441591759608,-0.018700718373035254,-0.005207329126708615,-0.03627031885774422,0.0223178364894356,-0.006298064624190289,-0.01075883353533247,-0.008817984252873959,0.0059518952605704814,0.01084970938498114,0.008455004402330287,-0.02817862977461703,-0.013458269611989385,-0.0051971525130698,0.03039866351693077,-0.011495885383087176,0.007272634829883881,-0.008673044438516565,0.03812604155661079,-0.00705329213292929,0.006403531034905406,-0.000643296658851574,0.04026259150731495,-0.026997071258262402,0.030973515400165828,0.0009376572895752103,0.06470208426277389,0.013240802169024728,-0.011818345942605215,0.00821314726500617,-0.005904528956316788,-0.009246011428212231,0.020791174256861795,0.00084413642587463,-0.0012267823665558033,0.012105930711300374,0.006750673047513783,0.009892442478742918,-0.023015397080899124,0.0040182373686915625,0.006400940351359797,0.0031397862054598625,-0.07084307650535354,0.006087952787268824,0.018119817245839942,0.058264269713250126,-0.0034558863858569536,0.013251188429477938,0.012431380519644028,-0.027727431969641995,0.03536407194650862,0.022888992965791093,0.005277211342671833,0.022053122786725495,2.1638985232218366,0.09584959853391616,0.1268868881714609,-0.04465689832727849,0.056928804759955216
Lasso,-0.0,-0.0,-0.0,-2.331363087777168e-05,0.0,0.0,0.0,-0.0,0.0,0.0,-0.0,0.0,-0.0,0.0,-0.0,-0.0,0.0,0.0,0.0,-0.0,0.0,0.0,0.0,0.0,-0.0,-0.0,-0.0,0.0,-0.0,0.0,0.0,0.0,-0.0,0.0,0.0,0.0,0.0,0.0,0.0,0.0,0.0,-0.0,0.0,0.0,0.0,0.0,-0.0,0.0,0.0,0.0,-0.0,-0.0,-0.0,-0.0,0.0,-0.0,0.0,-0.0,0.0,0.0,0.0,0.0,0.0,0.0,0.0,0.0,0.0,0.0,-0.0,0.0,-0.0,0.0
LassoCV,-0.0,-0.0,-7.655889686649994e-05,-5.543691946465146e-06,-0.0,0.0,0.0,-4.714582922828603e-08,0.0,0.0,-0.0,0.0,-0.0,0.08338550575698336,-0.0,-0.0,-0.0,0.0,0.0,-0.0,-0.0,0.0,0.0,0.0,-0.0,-0.0,-0.0,0.0,-0.0,0.0,0.0,0.0,-0.0,0.0,0.0,0.0,0.0,0.0,0.0,0.0,0.0,-0.0,0.0,0.0,0.0,0.0,0.0,0.0,0.0,0.0,0.0,-0.0,-0.0,0.0,0.0,-0.0,0.0,0.0,0.0,0.0,0.0,0.0,0.0,0.0,0.0,0.0,0.0,0.0,-0.0,0.0,-0.0,0.0
LassoLars,0.0,0.0,0.0,0.0,0.0,0.0,0.0,0.0,0.0,0.0,0.0,0.0,0.0,0.0,0.0,0.0,0.0,0.0,0.0,0.0,0.0,0.0,0.0,0.0,0.0,0.0,0.0,0.0,0.0,0.0,0.0,0.0,0.0,0.0,0.0,0.0,0.0,0.0,0.0,0.0,0.0,0.0,0.0,0.0,0.0,0.0,0.0,0.0,0.0,0.0,0.0,0.0,0.0,0.0,0.0,0.0,0.0,0.0,0.0,0.0,0.0,0.0,0.0,0.0,0.0,0.0,0.0,0.0,0.0,0.0,0.0,0.0
LassoLarsCV,-0.054995999989511886,-0.014620293218887552,9.692459884876829e-05,1.1836516315302784e-06,-0.009932624648676235,-0.005037375503008866,-0.007126639271003489,-3.317027461263124e-07,0.05495942215732286,0.1233941900992536,-0.022592157107378337,0.00012149360208809768,-0.007775081255833651,0.0944441591759608,-0.018700718373035254,-0.005207329126708615,-0.03627031885774422,0.0223178364894356,-0.006298064624190289,-0.01075883353533247,-0.008817984252873959,0.0059518952605704814,0.01084970938498114,0.008455004402330287,-0.02817862977461703,-0.013458269611989385,-0.0051971525130698,0.03039866351693077,-0.011495885383087176,0.007272634829883881,-0.008673044438516565,0.03812604155661079,-0.00705329213292929,0.006403531034905406,-0.000643296658851574,0.04026259150731495,-0.026997071258262402,0.030973515400165828,0.0009376572895752103,0.06470208426277389,0.013240802169024728,-0.011818345942605215,0.00821314726500617,-0.005904528956316788,-0.009246011428212231,0.020791174256861795,0.00084413642587463,-0.0012267823665558033,0.012105930711300374,0.006750673047513783,0.009892442478742918,-0.023015397080899124,0.0040182373686915625,0.006400940351359797,0.0031397862054598625,-0.07084307650535354,0.006087952787268824,0.018119817245839942,0.058264269713250126,-0.0034558863858569536,0.013251188429477938,0.012431380519644028,-0.027727431969641995,0.03536407194650862,0.022888992965791093,0.005277211342671833,0.022053122786725495,2.1638985232218366,0.09584959853391616,0.1268868881714609,-0.04465689832727849,0.056928804759955216
LassoLarsIC,-0.02936839244715539,-0.005960047498913882,0.0,0.0,-0.00399045059660573,0.0,0.0,0.0,0.04988773150518418,0.08486748964488983,-0.013930088474663217,0.0,-0.006755742583020801,0.09348006203599353,-0.013703786597314676,-0.001954537535611558,-0.025883733982488766,0.01335848366760449,0.0,-0.004778635871950383,0.0,0.0012709889237076345,0.0020344714009778025,0.003963727795112379,-0.022611395736862452,-0.011019636055187115,-0.002721734413013971,0.024343449328075122,-0.010893217260642308,0.0,0.0,0.03445732929686658,-0.005344831135715016,0.0,0.0,0.040291877796648695,0.0,0.021951659465805205,0.0,0.04929849678134288,0.009663571827810009,-0.0023130748732030186,0.000976949071913766,0.0,0.0,0.013455641793375404,0.0,0.0,0.007852089086669475,0.0,0.0,-0.008898428465516856,0.0,0.0028762627369798345,0.0012133172011915578,-0.06852234974374105,0.003202121736603653,0.007899267046788857,0.05856746179515975,0.0,0.011575139629887604,0.007974369711330418,-0.012799319853743813,0.03071957320176003,0.01832911653291029,0.001100452464480226,0.019902160579418134,1.202696199176558,0.0,0.05948667100221589,0.0,0.0339630499124263
LinearRegression,-0.054995999989516625,-0.014620293218969852,9.692459884922591e-05,1.1836516315632894e-06,-0.00993262464866492,-0.005037375502989962,-0.007126639271025018,-3.3170274612095985e-07,0.054959422157332696,0.12339419009921995,-0.022592157107383472,0.00012149360208731086,-0.007775081255831963,0.09444415917595914,-0.018700718373033845,-0.005207329126708609,-0.03627031885774284,0.022317836489436357,-0.0062980646241926575,-0.010758833535331457,-0.008817984252876302,0.005951895260572625,0.010849709384982802,0.008455004402334718,-0.028178629774614786,-0.013458269611989489,-0.005197152513071259,0.030398663516934245,-0.011495885383086175,0.007272634829884059,-0.008673044438517493,0.0381260415566097,-0.0070532921329293195,0.006403531034908061,-0.0006432966588503248,0.04026259150731165,-0.02699707125826089,0.03097351540017467,0.0009376572895724543,0.06470208426277457,0.013240802169016744,-0.011818345942606303,0.008213147265004911,-0.00590452895632132,-0.009246011428212247,0.020791174256856428,0.0008441364258778145,-0.0012267823665523467,0.012105930711300172,0.0067506730475141545,0.00989244247874229,-0.023015397080895523,0.004018237368694364,0.006400940351359086,0.003139786205460821,-0.07084307650535294,0.006087952787266392,0.018119817245837718,0.05826426971324923,-0.0034558863858616673,0.013251188429476087,0.01243138051964917,-0.027727431969642807,0.035364071946505954,0.022888992965793286,0.005277211342678112,0.022053122786723642,2.1638985232218317,0.09584959853389245,0.12688688817144222,-0.04465689832726956,0.056928804759964244
LinearSVR,-0.0008089626713064812,0.007343163484155649,-0.0001371073190657385,6.593186940662165e-05,0.0012618185025839908,0.005385341649074749,0.004400967027957233,-9.52381694603023e-05,0.02450622716228821,-0.0014088955165887766,0.013370147189755918,-0.025774345959394523,0.0051706116962495895,0.12666494363236147,0.009754048707267409,-0.0028811246122162552,0.009816499404352549,0.024219836576536268,-0.043552449539831256,-0.021908451012893453,-0.011454180918839941,-0.02148110517773728,0.016502563917867447,0.013307097068310503,-0.022791763159281733,-0.003696418156768976,-0.027373791960420512,0.05660030450139464,-0.0191230467583173,-0.0014038994736566585,0.009593809443504547,-0.026482897793115683,-0.025006815979832196,-0.0012992323240126565,0.007353679003825599,0.027893921693137234,-0.00250530251343724,0.014532936716393404,0.022358327826328232,-0.0013362663453073353,-0.0021764275373224555,0.031066172284650913,0.037867077362910034,-0.008332829223706557,-0.02493716823348769,-0.00256424759357729,0.018053269476641043,-0.007606557759375446,-0.016987868714553427,0.0018803036470684757,-0.002169079640765786,0.009807116647761596,0.006398089942590485,0.001550619352732251,0.0044406527660750435,-0.025590975593006115,0.013350958541454305,0.012667456499759354,0.04662653727757184,-0.020726367657661462,-0.004957849648583263,0.0030375723056376715,-0.015480184126082085,0.002424192632771586,0.013090154331932892,0.04021187052532432,0.006413974380953428,5.953991831720375e-05,-0.002980078088156192,-0.005372367165641199,-0.003253039563092667,0.0015318844309145886
OrthogonalMatchingPursuit,0.0,0.0,0.0,0.0,0.0,0.0,0.0,0.0,0.06055881682575832,0.0,0.0,0.0,0.0,0.09245323667087037,0.0,0.0,0.0,0.0,0.0,0.0,0.0,0.0,0.0,0.0,0.0,0.0,0.0,0.0,-0.015882172288043523,0.0,0.0,0.047726626087408866,0.0,0.0,0.0,0.06321566377195843,0.0,0.0,0.0,0.0,0.0,0.0,0.0,0.0,0.0,0.0,0.0,0.0,0.0,0.0,0.0,0.0,0.0,0.0,0.0,-0.08833005390332303,0.0,0.0,0.07509448004623008,0.0,0.0,0.0,0.0,0.0,0.0,0.0,0.0,0.0,0.0,0.0,0.0,0.0
OrthogonalMatchingPursuitCV,0.0,0.0,0.0,0.0,0.0,0.0,0.0,0.0,0.06055881682575832,0.0,0.0,0.0,0.0,0.09245323667087037,0.0,0.0,0.0,0.0,0.0,0.0,0.0,0.0,0.0,0.0,0.0,0.0,0.0,0.0,-0.015882172288043523,0.0,0.0,0.047726626087408866,0.0,0.0,0.0,0.06321566377195843,0.0,0.0,0.0,0.0,0.0,0.0,0.0,0.0,0.0,0.0,0.0,0.0,0.0,0.0,0.0,0.0,0.0,0.0,0.0,-0.08833005390332303,0.0,0.0,0.07509448004623008,0.0,0.0,0.0,0.0,0.0,0.0,0.0,0.0,0.0,0.0,0.0,0.0,0.0
PLSCanonical,-0.06498759773289456,-0.07095597625298264,-0.06749357921441693,-0.06681967825308331,-0.015699235202590187,0.021949933209080383,-0.0030732535882811566,0.0005992420309376154,0.12048041150551857,0.04718782464409934,-0.0389489809845223,0.011157236301788305,-0.00019051486925446376,0.2756998965665096,-0.020588948798633027,0.002615007064810496,0.014407666274981268,0.04398039812332046,0.02231590614987801,-0.014696469976600348,-0.007991833777474094,0.040090646222304877,0.04844594692375877,0.04058196438091783,-0.01937394735081668,-0.025666978162158054,-0.005831363800083273,0.07351039743944442,-0.07987647599750672,0.024894306891462974,0.0121304115420329,0.0656916565831209,-0.06158588683082689,0.013664093688669028,0.002472875570791452,0.10397796422772448,0.010324243151447088,0.053925672846476536,0.03482916785206761,0.04107660743662176,0.04878817043917962,-0.027500559642801264,0.00877268956939125,0.010315365286054591,0.0064932024656015495,0.02196427578021936,-0.003734082614267865,0.014076470482194655,0.01475138874886899,-0.0003143793049790558,-0.005788255796816951,-0.017589658904122795,-0.014429724743139565,-0.016149934690679806,0.03773995163981748,-0.11948576119016069,0.06865308451354658,-0.01361437154772141,0.1852626132855688,0.008055406179527788,0.05428937686457267,0.03191538577778321,0.00844201055956996,0.05958257626144922,0.04395524664507588,0.0209215039099508,0.0870699343697241,0.00932061315227786,-0.057385580449490645,0.04388915071007763,-0.060502949263466284,0.049545595241756876
PLSRegression,-0.007495957569659489,-0.0074858231742434295,-0.004022157330465473,-0.004360404532034115,-0.0035295865882493138,-0.0013556117892008766,-0.005090441024041658,-0.0006083061507622511,0.04072322677626245,0.013802139761850815,-0.014446273274259612,-0.0014917211027471046,-0.009644130335917175,0.11720804944951137,-0.012870187879902992,-0.005885138055497559,-0.008949725184115903,0.010569288526553613,-0.002151480727631996,-0.008234999086766032,-0.0019724763345799075,0.006439705899865313,0.007684566465971439,0.006505769313222062,-0.018736057769353793,-0.014657749526732138,-0.012060733305490531,0.02634433658138367,-0.028650280053817877,0.0015028741492102281,-0.003634676826797008,0.028913088879945065,-0.02329425794487299,-0.000419001548043607,-0.005213567687743883,0.03425677771590309,-0.0032533091427112597,0.01128485173909903,0.003317931070011028,0.010383702417419392,0.009783675874487568,-0.0076680722085685155,0.006055949794251984,0.004263937574642963,0.0010453035251174858,0.014392515523709681,0.0002120012373425076,0.00015679794873687438,0.008812926593996873,0.002031464610736818,0.003266933613059714,-0.006286264712984903,-0.0014585360020538069,0.0022922904074766464,0.011444516052796285,-0.042604729453673405,0.012951378138254649,0.006680493353778988,0.06860787007251806,-0.001998810309804811,0.013719602175073837,0.004239175746751277,-0.005825918238390065,0.016781666788191547,0.008206144491336581,0.004449318922362441,0.029369747588669056,0.009342440565120612,0.00026203307540941634,0.007821665464688706,-0.0030456618063160277,0.004612106764684963
PassiveAggressiveRegressor,-6.190237908700837e-05,7.004950247001985e-05,0.0009190415537638677,-0.0002876289452187013,0.002491862806505251,0.0009389037723551804,0.0008379230251820533,9.330435777475759e-05,0.0036316520836554133,0.001558228129313851,0.0025886685487261636,0.007387158321106534,0.020281055345616326,0.017012908987701626,0.004833930345339175,0.001938881470494435,0.0025117330293637045,0.003617658094606244,-0.0013818277448818795,0.00013926892660735338,0.0014157375196219458,0.002756755048547365,0.0042720588176728205,0.0030574715342781573,0.002737987176637359,0.0053722990948737595,0.00680541772781619,0.004483600186616777,0.0062034748624888334,0.0015497338979892348,0.003225786651536571,-0.0011416662833377959,-0.0010780972100185371,0.0018545427550180308,0.003546344638368987,0.00416653525413818,0.0015362833256853054,0.0033707246207323053,0.0026763661116755186,0.0015264316101934181,0.002737309137318539,0.006705923196572371,0.003471174203369414,0.003748069161743712,0.004231968217681902,0.0018590703508871694,0.006330017462892212,0.0035984589627040538,-0.00022758324699498995,0.003413153641271955,0.003598106992292616,0.005325846696226364,0.0033536930337341275,0.0053576539137793235,0.0048892581141011665,0.0006547772011697362,0.005592866450154666,0.0032958845691867453,0.005989527512163577,0.00047446963942445413,0.0012081422813453226,0.002517899877535963,0.00019211976668409613,0.0005215392185246058,0.0018028204966468824,0.0054641823577787395,0.004188408016940392,6.227539709222434e-06,0.0007379550440805722,-8.957915743346622e-05,0.0006787757980313043,0.00044488846080752533
PoissonRegressor,0.0,0.0,0.0,0.0,0.0,0.0,0.0,0.0,0.0,0.0,0.0,0.0,0.0,0.0,0.0,0.0,0.0,0.0,0.0,0.0,0.0,0.0,0.0,0.0,0.0,0.0,0.0,0.0,0.0,0.0,0.0,0.0,0.0,0.0,0.0,0.0,0.0,0.0,0.0,0.0,0.0,0.0,0.0,0.0,0.0,0.0,0.0,0.0,0.0,0.0,0.0,0.0,0.0,0.0,0.0,0.0,0.0,0.0,0.0,0.0,0.0,0.0,0.0,0.0,0.0,0.0,0.0,0.0,0.0,0.0,0.0,0.0
Ridge,-0.05462898615395005,-0.01450961578201112,9.315252265072294e-05,1.787011632313907e-06,-0.012102429416776953,-0.0033227984765008866,-0.007079999449095836,-3.011220292619389e-07,0.05438161877484631,0.08262909472315731,-0.022343390258788634,6.204057391743874e-05,-0.007821321614507902,0.09468756587923438,-0.018791433007402308,-0.0052386152275587464,-0.037076828833792506,0.022310936536076128,-0.006177101140186232,-0.010863338899326508,-0.0089630866135382,0.006110734014185618,0.010911731110743719,0.008347916524493107,-0.027734937303197704,-0.013570203737529771,-0.005110884188607379,0.03081054265115923,-0.011635831345980138,0.007065061926102959,-0.008117493025549581,0.0383253372945481,-0.007010016450003986,0.006957340397412776,-0.0011374664849761315,0.04041777311362824,-0.02720775776663331,0.030523850954296133,0.0008595687885963717,0.06424602298092794,0.013792192230756858,-0.011968905049132218,0.00831681054154499,-0.0057742110963176696,-0.009458662934855975,0.020630678189520826,0.0009152719327160094,-0.0010498878183445855,0.012063727417795784,0.006979708700279616,0.010116453489471468,-0.023289785356973017,0.004175697192799904,0.006371911403045058,0.0030670764190227724,-0.07094892843270882,0.006045554723362972,0.01772181930820162,0.058418891461796504,-0.0036587748109891075,0.013908275391421768,0.01259311360891291,-0.02866531126414371,0.03536940932330652,0.022826598435597336,0.005666348770438684,0.02208142313128686,0.4030500588782996,0.09145891819486389,0.12345682907689526,-0.04650126090778102,0.054821073942522634
RidgeCV,-0.0549285315270609,-0.014577267601453059,9.559968384564854e-05,1.4200195437297225e-06,-0.010722043828661043,-0.004402496306823878,-0.007113766586769543,-3.246823325753212e-07,0.05474187215531856,0.10838193517333394,-0.02251394541821128,9.902096863356746e-05,-0.007792621188002613,0.0945338878077564,-0.01873198309905888,-0.005219294087964954,-0.036581330215220476,0.022317454531687986,-0.006256167550063196,-0.010801408828072567,-0.008870936907477756,0.006013417050752423,0.010876456221012631,0.008416113612412346,-0.028015921336475458,-0.013500145220518789,-0.005164086960974146,0.030556218297704163,-0.011547338806622065,0.0071994983758045805,-0.008472986752970257,0.03820401328226808,-0.007037304425296043,0.006606799714177214,-0.0008237415842131668,0.040318361748319376,-0.027107803583135137,0.030817969348504448,0.0008973262850275887,0.06458537684186183,0.013445307302937692,-0.011875843443988288,0.00825559957415578,-0.005856284852917781,-0.009326104768476284,0.02073071564038287,0.0008698360613266232,-0.001159538548790806,0.012089669782398005,0.006838150170850099,0.009978234278918308,-0.023120755201233578,0.004076018241121915,0.006387733487713376,0.003112580652413044,-0.07089434820201035,0.006071811527572635,0.01797629565993475,0.05832753678883762,-0.0035173865782702762,0.013501837226911562,0.012488439721892064,-0.028090700218228903,0.03536199523169259,0.022867906925107206,0.005424517066472845,0.02206483767157863,1.507434709089567,0.09485975801845825,0.12621085948728528,-0.045648462851005434,0.05620329287785353
SGDRegressor,158380735203.40268,121176558374.44829,1082509682033.2198,-166275082723.80066,265222665806.4212,-90203813960.6739,194378661791.77176,-3749701154696.6953,-187997713236.79,-7056912966.489583,-92567878890.43857,-668447194850.9568,727246551188.7574,-135935393198.56908,-531446355565.6491,129110272628.57297,154069988249.8445,61419039091.46676,80106709557.27414,-126615476419.47842,69223956962.67207,-155341300969.1204,-288579336103.7082,751959119383.013,-348021211657.4824,-129926795674.1755,-170198066784.12003,251562828573.32477,-60551064571.33915,189439776771.86023,290379670927.31335,-257221571991.18542,680110463046.7455,284291186027.43414,211140759055.53122,-42059986300.2547,61343107876.784386,86107458930.7452,4703987077.312028,51873546095.147026,122725296947.84554,664789087461.0378,-180846933282.3988,132439665508.17209,135376439637.78058,653703048128.3062,-238185435575.2742,-126226981683.01762,-302860645960.55286,355201635129.1679,222685458431.72845,-269338317333.27216,8996454970.346645,763270481674.7836,-470207105711.44684,-106402881331.56203,-490885645316.3282,-439384851101.3648,116693369545.71194,402252022363.97186,-267795635730.07352,11957117370.522535,41384304011.45671,-134006323368.25423,102805121780.864,-332112562239.43756,-500086422965.61444,-1450802112.6737034,5527846430.378952,-480964755.0041321,17936857923.74272,-14323712512.246447
TweedieRegressor,-0.0009435537784197509,-0.009567009469740189,1.0546889657624609e-05,-9.963587390561463e-06,-0.0055835581848544215,0.000728655539795455,-0.0029270044708904885,-2.206174251481452e-06,0.013235736521436144,-0.0010715220500404552,-0.011743705557311057,-0.0022445342236970724,-0.0064567651762870585,0.07718571353642523,-0.010498903270915204,-0.005986213813218259,-0.004204222666039276,0.0017771693174874178,-0.002478414967542537,-0.006760787669471504,-0.0037885363433216935,-0.0013865196684823928,0.0012236463326216515,0.0028265129482470336,-0.01797245471393378,-0.013345710566595812,-0.014783810038114293,0.008002785623377615,-0.016691236446973883,0.00033541405241159267,-0.0012045402152087315,0.010448774034746889,-0.008864020874825863,0.003412391279328443,0.0004569844074144615,0.014704658389420564,-0.002647741619978463,0.002002375689027569,0.0007956458825988322,0.0002334423919666348,0.003319786644268274,-0.005679164890726455,0.002549333925185656,0.002486774950514239,0.00047302366699311443,0.0065597217937382315,-0.0012557004879732467,0.0003781168177602383,0.004582170414755782,-0.0006854483925149184,-0.0010990530808434671,-0.006230255498605328,-0.0035558749416209623,-0.00327282059595229,0.004070426806639683,-0.02199754551001244,0.0022714513645624487,-0.0022656359149042923,0.02938410054808532,-0.002411018138498239,0.0061665234579132665,0.0009778192615051001,-0.003450314788149997,0.008411716328388486,0.0030574317069078844,0.0013212922217769926,0.014503808818438234,2.220751794053914e-05,-0.003671526648833225,0.0011300296464344262,-0.0037463392146268736,0.0010631522125122428
