train size,mae,mse,mape,wape,r2,mpe,model,key
1,0.0,0.0,0.0,0.0,1.0,0.0,AdaBoostRegressor,074590cfc1c41ebf-Soy
2,0.0,0.0,0.0,0.0,1.0,0.0,AdaBoostRegressor,074590cfc1c41ebf-Soy
3,0.0,0.0,0.0,0.0,1.0,0.0,AdaBoostRegressor,074590cfc1c41ebf-Soy
4,25.0,1250.0,0.125,0.14285714285714285,-1.0,0.125,AdaBoostRegressor,074590cfc1c41ebf-Soy
5,50.0,2500.0,0.25,0.25,0.0,0.25,AdaBoostRegressor,074590cfc1c41ebf-Soy
6,50.0,2500.0,0.25,0.25,0.0,0.25,AdaBoostRegressor,074590cfc1c41ebf-Soy
7,70.0,9800.0,1.1666666666666667,0.5384615384615384,-1.0,1.1666666666666667,AdaBoostRegressor,074590cfc1c41ebf-Soy
8,95.0,11050.0,1.2666666666666668,0.6129032258064516,-0.22437673130193914,1.2666666666666668,AdaBoostRegressor,074590cfc1c41ebf-Soy
9,190.0,36100.0,0.76,0.76,0.0,0.76,AdaBoostRegressor,074590cfc1c41ebf-Soy
10,0.0,0.0,0.0,0.0,1.0,0.0,AdaBoostRegressor,074590cfc1c41ebf-Soy
11,0.0,0.0,0.0,0.0,1.0,0.0,AdaBoostRegressor,074590cfc1c41ebf-Soy
12,0.0,0.0,0.0,0.0,1.0,0.0,AdaBoostRegressor,074590cfc1c41ebf-Soy
13,275.0,151250.0,0.34375,0.5238095238095238,-1.0,0.34375,AdaBoostRegressor,074590cfc1c41ebf-Soy
14,2068.5,6584534.5,0.8111724654678134,0.892171662712961,-1.8555875841029454,0.8111724654678134,AdaBoostRegressor,074590cfc1c41ebf-Soy
15,1868.5,4856684.5,0.6290852228303362,0.7002061083005434,-2.5569884771207687,0.6290852228303362,AdaBoostRegressor,074590cfc1c41ebf-Soy
16,2087.0,4418069.0,1.23825,1.1925714285714286,-69.689104,1.23825,AdaBoostRegressor,074590cfc1c41ebf-Soy
1,0.0,0.0,0.0,0.0,1.0,0.0,BaggingRegressor,074590cfc1c41ebf-Soy
2,0.0,0.0,0.0,0.0,1.0,0.0,BaggingRegressor,074590cfc1c41ebf-Soy
3,0.0,0.0,0.0,0.0,1.0,0.0,BaggingRegressor,074590cfc1c41ebf-Soy
4,25.0,1250.0,0.125,0.14285714285714285,-1.0,0.125,BaggingRegressor,074590cfc1c41ebf-Soy
5,50.0,2500.0,0.25,0.25,0.0,0.25,BaggingRegressor,074590cfc1c41ebf-Soy
6,20.0,400.0,0.1,0.1,0.0,0.1,BaggingRegressor,074590cfc1c41ebf-Soy
7,70.0,7925.0,1.0791666666666668,0.5384615384615384,-0.6173469387755102,1.0791666666666668,BaggingRegressor,074590cfc1c41ebf-Soy
8,95.0,11050.0,1.2666666666666668,0.6129032258064516,-0.22437673130193914,1.2666666666666668,BaggingRegressor,074590cfc1c41ebf-Soy
9,134.0,17956.0,0.536,0.536,0.0,0.536,BaggingRegressor,074590cfc1c41ebf-Soy
10,67.0,4489.0,0.268,0.268,0.0,0.268,BaggingRegressor,074590cfc1c41ebf-Soy
11,38.0,1444.0,0.152,0.152,0.0,0.152,BaggingRegressor,074590cfc1c41ebf-Soy
12,0.0,0.0,0.0,0.0,1.0,0.0,BaggingRegressor,074590cfc1c41ebf-Soy
13,275.0,151250.0,0.34375,0.5238095238095238,-1.0,0.34375,BaggingRegressor,074590cfc1c41ebf-Soy
14,2068.5,6584534.5,0.8111724654678134,0.892171662712961,-1.8555875841029454,0.8111724654678134,BaggingRegressor,074590cfc1c41ebf-Soy
15,2198.5,6198794.5,0.7820875684128226,0.8238710886265692,-3.5399367837337588,0.7820875684128226,BaggingRegressor,074590cfc1c41ebf-Soy
16,513.5,326182.25,0.320375,0.2934285714285714,-4.218916,0.320375,BaggingRegressor,074590cfc1c41ebf-Soy
1,0.0,0.0,0.0,0.0,1.0,0.0,BayesianRidge,074590cfc1c41ebf-Soy
2,0.0,0.0,0.0,0.0,1.0,0.0,BayesianRidge,074590cfc1c41ebf-Soy
3,0.0,0.0,0.0,0.0,1.0,0.0,BayesianRidge,074590cfc1c41ebf-Soy
4,25.0,1250.0,0.125,0.14285714285714285,-1.0,0.125,BayesianRidge,074590cfc1c41ebf-Soy
5,50.0,2500.0,0.25,0.25,0.0,0.25,BayesianRidge,074590cfc1c41ebf-Soy
6,20.71473624951163,435.9594133275391,0.10357368124755816,0.10357368124755816,0.0,0.10357368124755816,BayesianRidge,074590cfc1c41ebf-Soy
7,74.01785497375255,10441.339402883115,1.2127974816709937,0.5693681151827119,-1.1308855924251255,1.2127974816709937,BayesianRidge,074590cfc1c41ebf-Soy
8,90.7908169430315,11361.282482556462,1.2918367020193304,0.5857472060840742,-0.258867865103209,1.2918367020193304,BayesianRidge,074590cfc1c41ebf-Soy
9,93.33403244127072,8711.241611752215,0.3733361297650829,0.3733361297650829,0.0,0.3733361297650829,BayesianRidge,074590cfc1c41ebf-Soy
10,83.98563438662319,7053.586784756675,0.3359425375464927,0.3359425375464928,0.0,0.3359425375464927,BayesianRidge,074590cfc1c41ebf-Soy
11,50.21073048167298,2525.164641811316,0.20084292192669193,0.20084292192669193,0.0,0.20084292192669193,BayesianRidge,074590cfc1c41ebf-Soy
12,24.373374865059546,604.6827743596775,0.09749349946023819,0.09749349946023818,0.0,0.09749349946023819,BayesianRidge,074590cfc1c41ebf-Soy
13,282.46499656417603,153330.47635258638,0.36858440155232286,0.5380285648841449,-1.0275104311085803,0.36858440155232286,BayesianRidge,074590cfc1c41ebf-Soy
14,2064.2772949880327,6554908.839954271,0.8099686586289079,0.8903503536717846,-1.8427394978794718,0.8099686586289079,BayesianRidge,074590cfc1c41ebf-Soy
15,2270.170416350208,6542211.958484667,0.8133147678080225,0.8507290299232558,-3.791452389219777,0.8133147678080225,BayesianRidge,074590cfc1c41ebf-Soy
16,578.4141642369032,378767.46274220134,0.31988753717413376,0.33052237956394465,-5.060279403875222,0.31988753717413376,BayesianRidge,074590cfc1c41ebf-Soy
1,0.0,0.0,0.0,0.0,1.0,0.0,DecisionTreeRegressor,074590cfc1c41ebf-Soy
2,0.0,0.0,0.0,0.0,1.0,0.0,DecisionTreeRegressor,074590cfc1c41ebf-Soy
3,0.0,0.0,0.0,0.0,1.0,0.0,DecisionTreeRegressor,074590cfc1c41ebf-Soy
4,25.0,1250.0,0.125,0.14285714285714285,-1.0,0.125,DecisionTreeRegressor,074590cfc1c41ebf-Soy
5,50.0,2500.0,0.25,0.25,0.0,0.25,DecisionTreeRegressor,074590cfc1c41ebf-Soy
6,0.0,0.0,0.0,0.0,1.0,0.0,DecisionTreeRegressor,074590cfc1c41ebf-Soy
7,70.0,9800.0,1.1666666666666667,0.5384615384615384,-1.0,1.1666666666666667,DecisionTreeRegressor,074590cfc1c41ebf-Soy
8,95.0,11050.0,1.2666666666666668,0.6129032258064516,-0.22437673130193914,1.2666666666666668,DecisionTreeRegressor,074590cfc1c41ebf-Soy
9,190.0,36100.0,0.76,0.76,0.0,0.76,DecisionTreeRegressor,074590cfc1c41ebf-Soy
10,0.0,0.0,0.0,0.0,1.0,0.0,DecisionTreeRegressor,074590cfc1c41ebf-Soy
11,0.0,0.0,0.0,0.0,1.0,0.0,DecisionTreeRegressor,074590cfc1c41ebf-Soy
12,0.0,0.0,0.0,0.0,1.0,0.0,DecisionTreeRegressor,074590cfc1c41ebf-Soy
13,275.0,151250.0,0.34375,0.5238095238095238,-1.0,0.34375,DecisionTreeRegressor,074590cfc1c41ebf-Soy
14,2068.5,6584534.5,0.8111724654678134,0.892171662712961,-1.8555875841029454,0.8111724654678134,DecisionTreeRegressor,074590cfc1c41ebf-Soy
15,1868.5,4856684.5,0.6290852228303362,0.7002061083005434,-2.5569884771207687,0.6290852228303362,DecisionTreeRegressor,074590cfc1c41ebf-Soy
16,2087.0,4418069.0,1.23825,1.1925714285714286,-69.689104,1.23825,DecisionTreeRegressor,074590cfc1c41ebf-Soy
1,0.0,0.0,0.0,0.0,1.0,0.0,DummyRegressor,074590cfc1c41ebf-Soy
2,0.0,0.0,0.0,0.0,1.0,0.0,DummyRegressor,074590cfc1c41ebf-Soy
3,0.0,0.0,0.0,0.0,1.0,0.0,DummyRegressor,074590cfc1c41ebf-Soy
4,25.0,1250.0,0.125,0.14285714285714285,-1.0,0.125,DummyRegressor,074590cfc1c41ebf-Soy
5,50.0,2500.0,0.25,0.25,0.0,0.25,DummyRegressor,074590cfc1c41ebf-Soy
6,41.66666666666666,1736.1111111111104,0.2083333333333333,0.2083333333333333,0.0,0.2083333333333333,DummyRegressor,074590cfc1c41ebf-Soy
7,70.0,6075.510204081632,0.9583333333333333,0.5384615384615384,-0.23990004164931267,0.9583333333333333,DummyRegressor,074590cfc1c41ebf-Soy
8,95.0,9214.0625,1.06875,0.6129032258064516,-0.02094875346260383,1.06875,DummyRegressor,074590cfc1c41ebf-Soy
9,93.33333333333334,8711.111111111113,0.37333333333333335,0.37333333333333335,0.0,0.37333333333333335,DummyRegressor,074590cfc1c41ebf-Soy
10,84.0,7056.0,0.336,0.336,0.0,0.336,DummyRegressor,074590cfc1c41ebf-Soy
11,76.36363636363637,5831.404958677687,0.3054545454545455,0.3054545454545455,0.0,0.3054545454545455,DummyRegressor,074590cfc1c41ebf-Soy
12,70.0,4900.0,0.28,0.28,0.0,0.28,DummyRegressor,074590cfc1c41ebf-Soy
13,339.61538461538464,190963.60946745565,0.5133653846153846,0.6468864468864469,-1.5251386375861906,0.5133653846153846,DummyRegressor,074590cfc1c41ebf-Soy
14,2128.5,6836354.5,0.8564910737555382,0.9180504636618503,-1.9647971364910153,0.8564910737555382,DummyRegressor,074590cfc1c41ebf-Soy
15,2437.8333333333335,7308423.611111112,0.8930529059160803,0.9135594278933235,-4.35261834913089,0.8930529059160803,DummyRegressor,074590cfc1c41ebf-Soy
16,1293.9375,1736774.25390625,0.7339635416666667,0.7393928571428572,-26.7883880625,0.7339635416666667,DummyRegressor,074590cfc1c41ebf-Soy
1,0.0,0.0,0.0,0.0,1.0,0.0,ElasticNet,074590cfc1c41ebf-Soy
2,0.0,0.0,0.0,0.0,1.0,0.0,ElasticNet,074590cfc1c41ebf-Soy
3,0.0,0.0,0.0,0.0,1.0,0.0,ElasticNet,074590cfc1c41ebf-Soy
4,25.0,1250.0,0.125,0.14285714285714285,-1.0,0.125,ElasticNet,074590cfc1c41ebf-Soy
5,50.0,2500.0,0.25,0.25,0.0,0.25,ElasticNet,074590cfc1c41ebf-Soy
6,17.861788617886162,327.89774605063064,0.08930894308943081,0.08930894308943081,0.0,0.08930894308943081,ElasticNet,074590cfc1c41ebf-Soy
7,73.9126984126984,10293.33698664651,1.206137566137566,0.5685592185592185,-1.1006810176829611,1.206137566137566,ElasticNet,074590cfc1c41ebf-Soy
8,90.96739130434781,11199.289461247636,1.282478260869565,0.5868863955119213,-0.24091849986123393,1.282478260869565,ElasticNet,074590cfc1c41ebf-Soy
9,98.06589147286822,9617.10417042245,0.3922635658914729,0.3922635658914729,0.0,0.3922635658914729,ElasticNet,074590cfc1c41ebf-Soy
10,59.65714285714286,3563.0897959183676,0.2386285714285714,0.23862857142857144,0.0,0.2386285714285714,ElasticNet,074590cfc1c41ebf-Soy
11,32.77705627705629,1085.5767789209356,0.13110822510822517,0.13110822510822515,0.0,0.13110822510822517,ElasticNet,074590cfc1c41ebf-Soy
12,13.906040268456394,209.4316922661148,0.055624161073825576,0.055624161073825576,0.0,0.055624161073825576,ElasticNet,074590cfc1c41ebf-Soy
13,275.41777188328916,149144.35364000313,0.3507314323607428,0.5246052797776937,-0.9721567423471489,0.3507314323607428,ElasticNet,074590cfc1c41ebf-Soy
14,2059.143923240938,6532770.086399406,0.8062500850905752,0.8881362619111227,-1.8331383408381066,0.8062500850905752,ElasticNet,074590cfc1c41ebf-Soy
15,2251.4985507246374,6460373.6667506825,0.8044346896919015,0.8437318908467819,-3.731514820558475,0.8044346896919015,ElasticNet,074590cfc1c41ebf-Soy
16,431.4504310344828,226987.43840108515,0.23483908045977012,0.24654310344827587,-2.6317990144173624,0.23483908045977012,ElasticNet,074590cfc1c41ebf-Soy
1,0.0,0.0,0.0,0.0,1.0,0.0,ExtraTreeRegressor,074590cfc1c41ebf-Soy
2,0.0,0.0,0.0,0.0,1.0,0.0,ExtraTreeRegressor,074590cfc1c41ebf-Soy
3,0.0,0.0,0.0,0.0,1.0,0.0,ExtraTreeRegressor,074590cfc1c41ebf-Soy
4,25.0,1250.0,0.125,0.14285714285714285,-1.0,0.125,ExtraTreeRegressor,074590cfc1c41ebf-Soy
5,50.0,2500.0,0.25,0.25,0.0,0.25,ExtraTreeRegressor,074590cfc1c41ebf-Soy
6,0.0,0.0,0.0,0.0,1.0,0.0,ExtraTreeRegressor,074590cfc1c41ebf-Soy
7,70.0,9800.0,1.1666666666666667,0.5384615384615384,-1.0,1.1666666666666667,ExtraTreeRegressor,074590cfc1c41ebf-Soy
8,95.0,11050.0,1.2666666666666668,0.6129032258064516,-0.22437673130193914,1.2666666666666668,ExtraTreeRegressor,074590cfc1c41ebf-Soy
9,190.0,36100.0,0.76,0.76,0.0,0.76,ExtraTreeRegressor,074590cfc1c41ebf-Soy
10,0.0,0.0,0.0,0.0,1.0,0.0,ExtraTreeRegressor,074590cfc1c41ebf-Soy
11,0.0,0.0,0.0,0.0,1.0,0.0,ExtraTreeRegressor,074590cfc1c41ebf-Soy
12,0.0,0.0,0.0,0.0,1.0,0.0,ExtraTreeRegressor,074590cfc1c41ebf-Soy
13,275.0,151250.0,0.34375,0.5238095238095238,-1.0,0.34375,ExtraTreeRegressor,074590cfc1c41ebf-Soy
14,2068.5,6584534.5,0.8111724654678134,0.892171662712961,-1.8555875841029454,0.8111724654678134,ExtraTreeRegressor,074590cfc1c41ebf-Soy
15,1868.5,4856684.5,0.6290852228303362,0.7002061083005434,-2.5569884771207687,0.6290852228303362,ExtraTreeRegressor,074590cfc1c41ebf-Soy
16,2087.0,4418069.0,1.23825,1.1925714285714286,-69.689104,1.23825,ExtraTreeRegressor,074590cfc1c41ebf-Soy
1,0.0,0.0,0.0,0.0,1.0,0.0,ExtraTreesRegressor,074590cfc1c41ebf-Soy
2,0.0,0.0,0.0,0.0,1.0,0.0,ExtraTreesRegressor,074590cfc1c41ebf-Soy
3,0.0,0.0,0.0,0.0,1.0,0.0,ExtraTreesRegressor,074590cfc1c41ebf-Soy
4,25.0,1250.0,0.125,0.14285714285714285,-1.0,0.125,ExtraTreesRegressor,074590cfc1c41ebf-Soy
5,50.0,2500.0,0.25,0.25,0.0,0.25,ExtraTreesRegressor,074590cfc1c41ebf-Soy
6,0.0,0.0,0.0,0.0,1.0,0.0,ExtraTreesRegressor,074590cfc1c41ebf-Soy
7,70.0,9800.0,1.1666666666666667,0.5384615384615384,-1.0,1.1666666666666667,ExtraTreesRegressor,074590cfc1c41ebf-Soy
8,95.0,11050.0,1.2666666666666668,0.6129032258064516,-0.22437673130193914,1.2666666666666668,ExtraTreesRegressor,074590cfc1c41ebf-Soy
9,190.0,36100.0,0.76,0.76,0.0,0.76,ExtraTreesRegressor,074590cfc1c41ebf-Soy
10,0.0,0.0,0.0,0.0,1.0,0.0,ExtraTreesRegressor,074590cfc1c41ebf-Soy
11,0.0,0.0,0.0,0.0,1.0,0.0,ExtraTreesRegressor,074590cfc1c41ebf-Soy
12,0.0,0.0,0.0,0.0,1.0,0.0,ExtraTreesRegressor,074590cfc1c41ebf-Soy
13,275.0,151250.0,0.34375,0.5238095238095238,-1.0,0.34375,ExtraTreesRegressor,074590cfc1c41ebf-Soy
14,2068.5,6584534.5,0.8111724654678134,0.892171662712961,-1.8555875841029454,0.8111724654678134,ExtraTreesRegressor,074590cfc1c41ebf-Soy
15,1868.5,4856684.5,0.6290852228303362,0.7002061083005434,-2.5569884771207687,0.6290852228303362,ExtraTreesRegressor,074590cfc1c41ebf-Soy
16,2087.0,4418069.0,1.23825,1.1925714285714286,-69.689104,1.23825,ExtraTreesRegressor,074590cfc1c41ebf-Soy
1,94.36005428437053,10152.710935119208,0.6290670285624702,0.6290670285624702,0.0,0.6290670285624702,GaussianProcessRegressor,074590cfc1c41ebf-Soy
2,108.52972596733528,12551.370889768365,0.7235315064489019,0.7235315064489019,0.0,0.7235315064489019,GaussianProcessRegressor,074590cfc1c41ebf-Soy
3,96.50171790750665,10453.862227267646,0.6433447860500443,0.6433447860500443,0.0,0.6433447860500443,GaussianProcessRegressor,074590cfc1c41ebf-Soy
4,127.21640669671413,19321.073545590487,0.6954211571943121,0.7269508954097951,-29.913717672944777,0.6954211571943121,GaussianProcessRegressor,074590cfc1c41ebf-Soy
5,148.26923888230232,23066.658426738697,0.7413461944115116,0.7413461944115116,0.0,0.7413461944115116,GaussianProcessRegressor,074590cfc1c41ebf-Soy
6,120.37156428451134,16950.704503993482,0.6018578214225567,0.6018578214225567,0.0,0.6018578214225567,GaussianProcessRegressor,074590cfc1c41ebf-Soy
7,71.07370916063834,6017.285307658685,0.5886795624787222,0.5467208396972181,-0.2280174097262624,0.5886795624787222,GaussianProcessRegressor,074590cfc1c41ebf-Soy
8,140.55873630834733,26574.876644001426,0.9294849230240269,0.9068305568280474,-1.9445846696954487,0.9294849230240269,GaussianProcessRegressor,074590cfc1c41ebf-Soy
9,270.4437280048296,73209.02274532124,1.0817749120193183,1.0817749120193185,0.0,1.0817749120193183,GaussianProcessRegressor,074590cfc1c41ebf-Soy
10,93.74726557887182,16604.106182328593,0.37498906231548723,0.3749890623154873,0.0,0.37498906231548723,GaussianProcessRegressor,074590cfc1c41ebf-Soy
11,216.3379583780361,47646.58165576482,0.8653518335121444,0.8653518335121444,0.0,0.8653518335121444,GaussianProcessRegressor,074590cfc1c41ebf-Soy
12,134.63117436824018,22876.766359557078,0.5385246974729606,0.5385246974729607,0.0,0.5385246974729606,GaussianProcessRegressor,074590cfc1c41ebf-Soy
13,460.12270805403887,313860.05849740206,0.7683656724533348,0.8764242058172169,-3.1502156495524236,0.7683656724533348,GaussianProcessRegressor,074590cfc1c41ebf-Soy
14,2222.7881139272304,7430524.171888969,0.8983281609926788,0.958718185864667,-2.2224772409686606,0.8983281609926788,GaussianProcessRegressor,074590cfc1c41ebf-Soy
15,2259.5779686629703,5956347.572399229,0.8603883339268628,0.8467595910297809,-3.362371012724899,0.8603883339268628,GaussianProcessRegressor,074590cfc1c41ebf-Soy
16,1457.0310776985323,2189904.887288035,0.8714995115401529,0.8325891872563042,-34.03847819660856,0.8714995115401529,GaussianProcessRegressor,074590cfc1c41ebf-Soy
1,0.0,0.0,0.0,0.0,1.0,0.0,GradientBoostingRegressor,074590cfc1c41ebf-Soy
2,0.0,0.0,0.0,0.0,1.0,0.0,GradientBoostingRegressor,074590cfc1c41ebf-Soy
3,0.0,0.0,0.0,0.0,1.0,0.0,GradientBoostingRegressor,074590cfc1c41ebf-Soy
4,25.0,1250.0,0.125,0.14285714285714285,-1.0,0.125,GradientBoostingRegressor,074590cfc1c41ebf-Soy
5,50.0,2500.0,0.25,0.25,0.0,0.25,GradientBoostingRegressor,074590cfc1c41ebf-Soy
6,0.001106724953643834,1.2248401230179464e-06,5.53362476821917e-06,5.53362476821917e-06,0.0,5.53362476821917e-06,GradientBoostingRegressor,074590cfc1c41ebf-Soy
7,70.0,9799.867193905447,1.1666611330418986,0.5384615384615384,-0.9999728967153974,1.1666611330418986,GradientBoostingRegressor,074590cfc1c41ebf-Soy
8,95.0,11049.925296754602,1.2666614097231368,0.6129032258064516,-0.22436845393402782,1.2666614097231368,GradientBoostingRegressor,074590cfc1c41ebf-Soy
9,189.99743239810755,36099.024317873445,0.7599897295924302,0.7599897295924302,0.0,0.7599897295924302,GradientBoostingRegressor,074590cfc1c41ebf-Soy
10,0.002231157506571435,4.9780638191300636e-06,8.924630026285741e-06,8.924630026285741e-06,0.0,8.924630026285741e-06,GradientBoostingRegressor,074590cfc1c41ebf-Soy
11,0.002028325005937859,4.114102329712815e-06,8.113300023751435e-06,8.113300023751435e-06,0.0,8.113300023751435e-06,GradientBoostingRegressor,074590cfc1c41ebf-Soy
12,0.001859297922095493,3.456988763108618e-06,7.437191688381972e-06,7.437191688381972e-06,0.0,7.437191688381972e-06,GradientBoostingRegressor,074590cfc1c41ebf-Soy
13,275.00171627500504,151250.94395419836,0.3437545052218883,0.5238127929047715,-1.0000124820389864,0.3437545052218883,GradientBoostingRegressor,074590cfc1c41ebf-Soy
14,2068.501593683933,6584541.093072971,0.8111736691934451,0.8921723500901156,-1.8555904433935027,0.8111736691934451,GradientBoostingRegressor,074590cfc1c41ebf-Soy
15,1868.5151222897666,4856741.012225541,0.62909223418126,0.700211775263169,-2.5570298661249478,0.62909223418126,GradientBoostingRegressor,074590cfc1c41ebf-Soy
16,2086.9101975704484,4417694.172723528,1.2381976152494283,1.192520112897399,-69.68310676357645,1.2381976152494283,GradientBoostingRegressor,074590cfc1c41ebf-Soy
1,0.0,0.0,0.0,0.0,1.0,0.0,HistGradientBoostingRegressor,074590cfc1c41ebf-Soy
2,0.0,0.0,0.0,0.0,1.0,0.0,HistGradientBoostingRegressor,074590cfc1c41ebf-Soy
3,0.0,0.0,0.0,0.0,1.0,0.0,HistGradientBoostingRegressor,074590cfc1c41ebf-Soy
4,25.0,1250.0,0.125,0.14285714285714285,-1.0,0.125,HistGradientBoostingRegressor,074590cfc1c41ebf-Soy
5,50.0,2500.0,0.25,0.25,0.0,0.25,HistGradientBoostingRegressor,074590cfc1c41ebf-Soy
6,41.66666666666666,1736.1111111111104,0.2083333333333333,0.2083333333333333,0.0,0.2083333333333333,HistGradientBoostingRegressor,074590cfc1c41ebf-Soy
7,70.0,6075.510204081632,0.9583333333333333,0.5384615384615384,-0.23990004164931267,0.9583333333333333,HistGradientBoostingRegressor,074590cfc1c41ebf-Soy
8,95.0,9214.0625,1.06875,0.6129032258064516,-0.02094875346260383,1.06875,HistGradientBoostingRegressor,074590cfc1c41ebf-Soy
9,93.33333333333334,8711.111111111113,0.37333333333333335,0.37333333333333335,0.0,0.37333333333333335,HistGradientBoostingRegressor,074590cfc1c41ebf-Soy
10,84.0,7056.0,0.336,0.336,0.0,0.336,HistGradientBoostingRegressor,074590cfc1c41ebf-Soy
11,76.36363636363637,5831.404958677687,0.3054545454545455,0.3054545454545455,0.0,0.3054545454545455,HistGradientBoostingRegressor,074590cfc1c41ebf-Soy
12,70.0,4900.0,0.28,0.28,0.0,0.28,HistGradientBoostingRegressor,074590cfc1c41ebf-Soy
13,339.61538461538464,190963.60946745565,0.5133653846153846,0.6468864468864469,-1.5251386375861906,0.5133653846153846,HistGradientBoostingRegressor,074590cfc1c41ebf-Soy
14,2128.5,6836354.5,0.8564910737555382,0.9180504636618503,-1.9647971364910153,0.8564910737555382,HistGradientBoostingRegressor,074590cfc1c41ebf-Soy
15,2437.8333333333335,7308423.611111112,0.8930529059160803,0.9135594278933235,-4.35261834913089,0.8930529059160803,HistGradientBoostingRegressor,074590cfc1c41ebf-Soy
16,1293.9375,1736774.25390625,0.7339635416666667,0.7393928571428572,-26.7883880625,0.7339635416666667,HistGradientBoostingRegressor,074590cfc1c41ebf-Soy
1,8.419497784342667,79.1843850160034,0.056129985228951115,0.056129985228951115,0.0,0.056129985228951115,KernelRidge,074590cfc1c41ebf-Soy
2,11.148648648648376,132.28525279789926,0.07432432432432251,0.07432432432432251,0.0,0.07432432432432251,KernelRidge,074590cfc1c41ebf-Soy
3,13.664383561642595,194.4103021204395,0.09109589041095062,0.09109589041095063,0.0,0.09109589041095062,KernelRidge,074590cfc1c41ebf-Soy
4,22.278126031013016,576.6984588266147,0.12248432860442107,0.12730357732007438,0.0772824658774165,0.12248432860442107,KernelRidge,074590cfc1c41ebf-Soy
5,31.722208089542093,1013.4331334055736,0.15861104044771046,0.15861104044771046,0.0,0.15861104044771046,KernelRidge,074590cfc1c41ebf-Soy
6,19.296811120193524,380.0955921827032,0.09648405560096762,0.09648405560096762,0.0,0.09648405560096762,KernelRidge,074590cfc1c41ebf-Soy
7,72.83975659228963,8937.342675756272,1.1406355645706239,0.5603058199406895,-0.8239474848482187,1.1406355645706239,KernelRidge,074590cfc1c41ebf-Soy
8,92.13062098501541,10335.94656310149,1.2242683797288312,0.5943911031291317,-0.14525723690875236,1.2242683797288312,KernelRidge,074590cfc1c41ebf-Soy
9,66.25781154271345,4396.794910766735,0.26503124617085383,0.26503124617085383,0.0,0.26503124617085383,KernelRidge,074590cfc1c41ebf-Soy
10,51.71159173237538,2681.4668941727714,0.20684636692950154,0.20684636692950154,0.0,0.20684636692950154,KernelRidge,074590cfc1c41ebf-Soy
11,39.40039318478739,1560.2758176741859,0.15760157273914954,0.15760157273914957,0.0,0.15760157273914954,KernelRidge,074590cfc1c41ebf-Soy
12,28.795120736875106,837.4119043112423,0.11518048294750041,0.11518048294750043,0.0,0.11518048294750041,KernelRidge,074590cfc1c41ebf-Soy
13,294.52723230826996,160775.24441518448,0.399020377917745,0.5610042520157523,-1.125953645159464,0.399020377917745,KernelRidge,074590cfc1c41ebf-Soy
14,2079.8315796483585,6622601.739203196,0.8211889378633681,0.8970591242822336,-1.872096622916505,0.8211889378633681,KernelRidge,074590cfc1c41ebf-Soy
15,2367.565057775588,6979243.011432216,0.8597373729977811,0.8872269281527404,-4.111529680523832,0.8597373729977811,KernelRidge,074590cfc1c41ebf-Soy
16,1104.7140241572633,1279154.9076980439,0.6242158140680598,0.6312651566612933,-19.466478523168703,0.6242158140680598,KernelRidge,074590cfc1c41ebf-Soy
1,0.0,0.0,0.0,0.0,1.0,0.0,Lars,074590cfc1c41ebf-Soy
2,0.0,0.0,0.0,0.0,1.0,0.0,Lars,074590cfc1c41ebf-Soy
3,0.0,0.0,0.0,0.0,1.0,0.0,Lars,074590cfc1c41ebf-Soy
4,25.0,1250.0,0.125,0.14285714285714285,-1.0,0.125,Lars,074590cfc1c41ebf-Soy
5,50.0,2500.0,0.25,0.25,0.0,0.25,Lars,074590cfc1c41ebf-Soy
6,13.095238095238088,184.2403628117912,0.06547619047619044,0.06547619047619044,0.0,0.06547619047619044,Lars,074590cfc1c41ebf-Soy
7,74.46428571428572,11089.859693877554,1.2410714285714286,0.5728021978021979,-1.263236672219909,1.2410714285714286,Lars,074590cfc1c41ebf-Soy
8,90.5357142857143,11606.441326530616,1.3053571428571429,0.5841013824884794,-0.28603227994799063,1.3053571428571429,Lars,074590cfc1c41ebf-Soy
9,98.83333333333334,9768.277777777781,0.39533333333333337,0.39533333333333337,0.0,0.39533333333333337,Lars,074590cfc1c41ebf-Soy
10,57.81818181818183,3347.7024793388437,0.2312727272727273,0.2312727272727273,0.0,0.2312727272727273,Lars,074590cfc1c41ebf-Soy
11,30.27272727272728,929.0082644628103,0.12109090909090911,0.12109090909090912,0.0,0.12109090909090911,Lars,074590cfc1c41ebf-Soy
12,11.258741258741253,144.36402758081059,0.04503496503496501,0.04503496503496501,0.0,0.04503496503496501,Lars,074590cfc1c41ebf-Soy
13,272.85714285714283,147648.02560077285,0.34424450549450547,0.5197278911564626,-0.9523705864565004,0.34424450549450547,Lars,074590cfc1c41ebf-Soy
14,2056.763736263736,6522522.9791691825,0.804525896633989,0.8871096554943869,-1.8286943650066183,0.804525896633989,Lars,074590cfc1c41ebf-Soy
15,2246.279761904762,6437624.965490364,0.8019527067277263,0.8417761895839467,-3.714853893077512,0.8019527067277263,Lars,074590cfc1c41ebf-Soy
16,410.9448529411766,209254.50608239614,0.22297242647058832,0.2348256302521009,-2.3480720973183384,0.22297242647058832,Lars,074590cfc1c41ebf-Soy
1,0.0,0.0,0.0,0.0,1.0,0.0,Lasso,074590cfc1c41ebf-Soy
2,0.0,0.0,0.0,0.0,1.0,0.0,Lasso,074590cfc1c41ebf-Soy
3,0.0,0.0,0.0,0.0,1.0,0.0,Lasso,074590cfc1c41ebf-Soy
4,25.0,1250.0,0.125,0.14285714285714285,-1.0,0.125,Lasso,074590cfc1c41ebf-Soy
5,50.0,2500.0,0.25,0.25,0.0,0.25,Lasso,074590cfc1c41ebf-Soy
6,14.46666666666664,220.84444444444372,0.0723333333333332,0.0723333333333332,0.0,0.0723333333333332,Lasso,074590cfc1c41ebf-Soy
7,74.3392857142857,10904.98022959183,1.2331547619047616,0.5718406593406592,-1.225506169304455,1.2331547619047616,Lasso,074590cfc1c41ebf-Soy
8,90.63095238095238,11513.37783446712,1.3003095238095237,0.584715821812596,-0.27572053567502697,1.3003095238095237,Lasso,074590cfc1c41ebf-Soy
9,98.00833333333334,9605.814027777778,0.39203333333333334,0.39203333333333334,0.0,0.39203333333333334,Lasso,074590cfc1c41ebf-Soy
10,58.54545454545453,3432.06978879706,0.23418181818181813,0.23418181818181813,0.0,0.23418181818181813,Lasso,074590cfc1c41ebf-Soy
11,30.922727272727258,968.433264462809,0.12369090909090903,0.12369090909090903,0.0,0.12369090909090903,Lasso,074590cfc1c41ebf-Soy
12,11.846153846153868,157.5857988165684,0.04738461538461547,0.04738461538461547,0.0,0.04738461538461547,Lasso,074590cfc1c41ebf-Soy
13,273.3928571428571,147959.985765608,0.3456016483516483,0.5207482993197279,-0.9564956795452297,0.3456016483516483,Lasso,074590cfc1c41ebf-Soy
14,2057.256043956044,6524641.513945176,0.8048825203985486,0.8873219943739676,-1.8296131333117764,0.8048825203985486,Lasso,074590cfc1c41ebf-Soy
15,2246.7351190476193,6439607.690777354,0.8021692682154958,0.8419468311964097,-3.716306021787771,0.8021692682154958,Lasso,074590cfc1c41ebf-Soy
16,411.36838235294135,209612.23670523375,0.22321752450980403,0.23506764705882363,-2.35379578728374,0.22321752450980403,Lasso,074590cfc1c41ebf-Soy
1,0.0,0.0,0.0,0.0,1.0,0.0,LassoLars,074590cfc1c41ebf-Soy
2,0.0,0.0,0.0,0.0,1.0,0.0,LassoLars,074590cfc1c41ebf-Soy
3,0.0,0.0,0.0,0.0,1.0,0.0,LassoLars,074590cfc1c41ebf-Soy
4,25.0,1250.0,0.125,0.14285714285714285,-1.0,0.125,LassoLars,074590cfc1c41ebf-Soy
5,50.0,2500.0,0.25,0.25,0.0,0.25,LassoLars,074590cfc1c41ebf-Soy
6,18.83233542004318,362.8038368023961,0.09416167710021589,0.09416167710021589,0.0,0.09416167710021589,LassoLars,074590cfc1c41ebf-Soy
7,73.80284788651957,10140.664786097255,1.1991803661462392,0.567714214511689,-1.069523425734134,1.1991803661462392,LassoLars,074590cfc1c41ebf-Soy
8,91.15292768556267,11035.860151370724,1.2726448326651798,0.588083404422985,-0.22280998907154825,1.2726448326651798,LassoLars,074590cfc1c41ebf-Soy
9,93.33333333333334,8711.111111111113,0.37333333333333335,0.37333333333333335,0.0,0.37333333333333335,LassoLars,074590cfc1c41ebf-Soy
10,64.42396440893998,4153.108448285632,0.2576958576357599,0.2576958576357599,0.0,0.2576958576357599,LassoLars,074590cfc1c41ebf-Soy
11,37.089984785833266,1384.7937152491697,0.14835993914333306,0.14835993914333306,0.0,0.14835993914333306,LassoLars,074590cfc1c41ebf-Soy
12,18.283174142800846,347.9205285561032,0.07313269657120339,0.07313269657120339,0.0,0.07313269657120339,LassoLars,074590cfc1c41ebf-Soy
13,280.0843236945886,151905.17368886745,0.3625533636160347,0.5334939498944544,-1.0086634537370904,0.3625533636160347,LassoLars,074590cfc1c41ebf-Soy
14,2064.1892639580124,6554528.741599747,0.8099048896530937,0.8903123847133976,-1.8425746564405032,0.8099048896530937,LassoLars,074590cfc1c41ebf-Soy
15,2253.899344289269,6470857.082606479,0.8055764735297954,0.8446315699041667,-3.739192772338116,0.8055764735297954,LassoLars,074590cfc1c41ebf-Soy
16,418.7543494226479,215908.59155500954,0.22749181100847682,0.23928819967008452,-2.454537464880153,0.22749181100847682,LassoLars,074590cfc1c41ebf-Soy
1,0.0,0.0,0.0,0.0,1.0,0.0,LassoLarsIC,074590cfc1c41ebf-Soy
2,0.0,0.0,0.0,0.0,1.0,0.0,LassoLarsIC,074590cfc1c41ebf-Soy
3,0.0,0.0,0.0,0.0,1.0,0.0,LassoLarsIC,074590cfc1c41ebf-Soy
4,25.0,1250.0,0.125,0.14285714285714285,-1.0,0.125,LassoLarsIC,074590cfc1c41ebf-Soy
5,50.0,2500.0,0.25,0.25,0.0,0.25,LassoLarsIC,074590cfc1c41ebf-Soy
6,13.095238095238088,184.2403628117912,0.06547619047619044,0.06547619047619044,0.0,0.06547619047619044,LassoLarsIC,074590cfc1c41ebf-Soy
7,74.46428571428572,11089.859693877554,1.2410714285714286,0.5728021978021979,-1.263236672219909,1.2410714285714286,LassoLarsIC,074590cfc1c41ebf-Soy
8,90.5357142857143,11606.441326530616,1.3053571428571429,0.5841013824884794,-0.28603227994799063,1.3053571428571429,LassoLarsIC,074590cfc1c41ebf-Soy
9,93.33333333333334,8711.111111111113,0.37333333333333335,0.37333333333333335,0.0,0.37333333333333335,LassoLarsIC,074590cfc1c41ebf-Soy
10,84.0,7056.0,0.336,0.336,0.0,0.336,LassoLarsIC,074590cfc1c41ebf-Soy
11,30.27272727272728,929.0082644628103,0.12109090909090911,0.12109090909090912,0.0,0.12109090909090911,LassoLarsIC,074590cfc1c41ebf-Soy
12,11.258741258741253,144.36402758081059,0.04503496503496501,0.04503496503496501,0.0,0.04503496503496501,LassoLarsIC,074590cfc1c41ebf-Soy
13,272.85714285714283,147648.02560077285,0.34424450549450547,0.5197278911564626,-0.9523705864565004,0.34424450549450547,LassoLarsIC,074590cfc1c41ebf-Soy
14,2056.763736263736,6522522.9791691825,0.804525896633989,0.8871096554943869,-1.8286943650066183,0.804525896633989,LassoLarsIC,074590cfc1c41ebf-Soy
15,2246.279761904762,6437624.965490364,0.8019527067277263,0.8417761895839467,-3.714853893077512,0.8019527067277263,LassoLarsIC,074590cfc1c41ebf-Soy
16,410.9448529411766,209254.50608239614,0.22297242647058832,0.2348256302521009,-2.3480720973183384,0.22297242647058832,LassoLarsIC,074590cfc1c41ebf-Soy
1,0.0,0.0,0.0,0.0,1.0,0.0,LinearRegression,074590cfc1c41ebf-Soy
2,0.0,0.0,0.0,0.0,1.0,0.0,LinearRegression,074590cfc1c41ebf-Soy
3,0.0,0.0,0.0,0.0,1.0,0.0,LinearRegression,074590cfc1c41ebf-Soy
4,25.0,1250.0,0.125,0.14285714285714285,-1.0,0.125,LinearRegression,074590cfc1c41ebf-Soy
5,50.0,2500.0,0.25,0.25,0.0,0.25,LinearRegression,074590cfc1c41ebf-Soy
6,13.095238095238088,184.2403628117912,0.06547619047619044,0.06547619047619044,0.0,0.06547619047619044,LinearRegression,074590cfc1c41ebf-Soy
7,74.4642857142857,11089.859693877544,1.2410714285714282,0.5728021978021977,-1.2632366722199069,1.2410714285714282,LinearRegression,074590cfc1c41ebf-Soy
8,90.5357142857143,11606.441326530616,1.3053571428571429,0.5841013824884794,-0.28603227994799063,1.3053571428571429,LinearRegression,074590cfc1c41ebf-Soy
9,98.83333333333334,9768.277777777781,0.39533333333333337,0.39533333333333337,0.0,0.39533333333333337,LinearRegression,074590cfc1c41ebf-Soy
10,57.81818181818183,3347.7024793388437,0.2312727272727273,0.2312727272727273,0.0,0.2312727272727273,LinearRegression,074590cfc1c41ebf-Soy
11,30.272727272727252,929.0082644628086,0.121090909090909,0.12109090909090901,0.0,0.121090909090909,LinearRegression,074590cfc1c41ebf-Soy
12,11.258741258741253,144.36402758081059,0.04503496503496501,0.04503496503496501,0.0,0.04503496503496501,LinearRegression,074590cfc1c41ebf-Soy
13,272.85714285714283,147648.02560077285,0.34424450549450547,0.5197278911564626,-0.9523705864565004,0.34424450549450547,LinearRegression,074590cfc1c41ebf-Soy
14,2056.763736263736,6522522.9791691825,0.804525896633989,0.8871096554943869,-1.8286943650066183,0.804525896633989,LinearRegression,074590cfc1c41ebf-Soy
15,2246.279761904762,6437624.965490364,0.8019527067277263,0.8417761895839467,-3.714853893077512,0.8019527067277263,LinearRegression,074590cfc1c41ebf-Soy
16,410.9448529411766,209254.5060823963,0.2229724264705883,0.2348256302521009,-2.348072097318341,0.2229724264705883,LinearRegression,074590cfc1c41ebf-Soy
1,8.641063515509614,82.9644207545237,0.05760709010339743,0.05760709010339743,0.0,0.05760709010339743,LinearSVR,074590cfc1c41ebf-Soy
2,8.319863013698665,76.91124507412331,0.05546575342465777,0.05546575342465777,0.0,0.05546575342465777,LinearSVR,074590cfc1c41ebf-Soy
3,13.863013698630155,199.8704747607436,0.09242009132420104,0.09242009132420104,0.0,0.09242009132420104,LinearSVR,074590cfc1c41ebf-Soy
4,22.327388535031844,633.9307136192133,0.1205456475583864,0.12758507734303912,-0.014289141790741366,0.1205456475583864,LinearSVR,074590cfc1c41ebf-Soy
5,31.30063694267517,986.86591748144,0.15650318471337582,0.15650318471337585,0.0,0.15650318471337582,LinearSVR,074590cfc1c41ebf-Soy
6,25.940764331210232,680.0695111363566,0.12970382165605115,0.12970382165605115,0.0,0.12970382165605115,LinearSVR,074590cfc1c41ebf-Soy
7,72.77534246575343,8441.155413773693,1.115529680365297,0.5598103266596417,-0.7226847783211618,1.115529680365297,LinearSVR,074590cfc1c41ebf-Soy
8,92.11373707533234,10426.79431150985,1.230929591334318,0.5942821746795635,-0.15532346941937392,1.230929591334318,LinearSVR,074590cfc1c41ebf-Soy
9,52.83082191780822,2798.794468943517,0.21132328767123287,0.2113232876712329,0.0,0.21132328767123287,LinearSVR,074590cfc1c41ebf-Soy
10,39.372968980797694,1558.565463891663,0.15749187592319078,0.15749187592319078,0.0,0.15749187592319078,LinearSVR,074590cfc1c41ebf-Soy
11,33.4290989660266,1125.8821337947204,0.13371639586410639,0.1337163958641064,0.0,0.13371639586410639,LinearSVR,074590cfc1c41ebf-Soy
12,16.545871559633014,283.01527649187733,0.06618348623853205,0.06618348623853205,0.0,0.06618348623853205,LinearSVR,074590cfc1c41ebf-Soy
13,285.4334862385321,155432.57054330443,0.37532282110091736,0.5436828309305374,-1.0553067179279925,0.37532282110091736,LinearSVR,074590cfc1c41ebf-Soy
14,2065.0868292682926,6560893.628421178,0.8101487544257773,0.8906995166134538,-1.8453349869971278,0.8101487544257773,LinearSVR,074590cfc1c41ebf-Soy
15,2402.3929040735875,7144422.749720698,0.8759671594478959,0.9002783976292252,-4.232505713812787,0.8759671594478959,LinearSVR,074590cfc1c41ebf-Soy
16,1477.4454664914585,2243744.4501235494,0.841278361804643,0.8442545522808335,-34.89991120197679,0.841278361804643,LinearSVR,074590cfc1c41ebf-Soy
1,76.39632432006411,5838.074380477201,0.5093088288004275,0.5093088288004274,0.0,0.5093088288004275,MLPRegressor,074590cfc1c41ebf-Soy
2,57.27714319560246,3283.1699655007988,0.3818476213040164,0.3818476213040164,0.0,0.3818476213040164,MLPRegressor,074590cfc1c41ebf-Soy
3,22.473091022371584,509.44622102204346,0.14982060681581055,0.14982060681581055,0.0,0.14982060681581055,MLPRegressor,074590cfc1c41ebf-Soy
4,85.58693128811998,7880.655176277059,0.47961565403699635,0.48906817878925707,-11.609048282043293,0.47961565403699635,MLPRegressor,074590cfc1c41ebf-Soy
5,78.24794809448301,6126.271046757527,0.39123974047241505,0.39123974047241505,0.0,0.39123974047241505,MLPRegressor,074590cfc1c41ebf-Soy
6,70.01410819196802,4905.776149382384,0.35007054095984014,0.3500705409598401,0.0,0.35007054095984014,MLPRegressor,074590cfc1c41ebf-Soy
7,71.56979168908137,5648.649063840944,0.641501082199949,0.5505368591467797,-0.15278552323284567,0.641501082199949,MLPRegressor,074590cfc1c41ebf-Soy
8,93.50177249338753,11152.515738532382,0.6552747998378138,0.6032372418928228,-0.23573581590386494,0.6552747998378138,MLPRegressor,074590cfc1c41ebf-Soy
9,121.05468335684365,14657.37982445494,0.48421873342737465,0.4842187334273746,0.0,0.48421873342737465,MLPRegressor,074590cfc1c41ebf-Soy
10,110.01834500743996,12107.569232644604,0.4400733800297598,0.4400733800297598,0.0,0.4400733800297598,MLPRegressor,074590cfc1c41ebf-Soy
11,99.9590147000686,9995.64410791083,0.3998360588002744,0.3998360588002744,0.0,0.3998360588002744,MLPRegressor,074590cfc1c41ebf-Soy
12,98.55535114616086,9716.906567622484,0.39422140458464344,0.39422140458464344,0.0,0.39422140458464344,MLPRegressor,074590cfc1c41ebf-Soy
13,371.65312963463396,212708.78636001417,0.6000791614890342,0.7079107231135885,-1.8126781667439889,0.6000791614890342,MLPRegressor,074590cfc1c41ebf-Soy
14,2157.3965686758065,6954284.820482734,0.8792814331284877,0.9305139394763021,-2.0159412771982703,0.8792814331284877,MLPRegressor,074590cfc1c41ebf-Soy
15,2528.160184402976,7760852.533307139,0.9345967137580555,0.9474087256522301,-4.683972890066674,0.9345967137580555,MLPRegressor,074590cfc1c41ebf-Soy
16,1620.9681399942847,2689295.6401402457,0.9248554627610619,0.9262675085681626,-42.02873024224393,0.9248554627610619,MLPRegressor,074590cfc1c41ebf-Soy
1,0.0,0.0,0.0,0.0,1.0,0.0,NuSVR,074590cfc1c41ebf-Soy
2,0.0,0.0,0.0,0.0,1.0,0.0,NuSVR,074590cfc1c41ebf-Soy
3,0.0,0.0,0.0,0.0,1.0,0.0,NuSVR,074590cfc1c41ebf-Soy
4,25.0,1250.0,0.125,0.14285714285714285,-1.0,0.125,NuSVR,074590cfc1c41ebf-Soy
5,50.0,2500.0,0.25,0.25,0.0,0.25,NuSVR,074590cfc1c41ebf-Soy
6,49.438102453174736,2444.1435503665443,0.24719051226587369,0.24719051226587369,0.0,0.24719051226587369,NuSVR,074590cfc1c41ebf-Soy
7,69.75983120520131,6920.983771104582,1.0201398278724378,0.5366140861938562,-0.4124456675723638,1.0201398278724378,NuSVR,074590cfc1c41ebf-Soy
8,95.20964253845217,9479.525557885796,1.1127982906883938,0.6142557583125947,-0.05036294270202735,1.1127982906883938,NuSVR,074590cfc1c41ebf-Soy
9,75.50420948448806,5700.886799715157,0.3020168379379522,0.30201683793795225,0.0,0.3020168379379522,NuSVR,074590cfc1c41ebf-Soy
10,74.63809168818506,5570.845720545449,0.2985523667527402,0.2985523667527402,0.0,0.2985523667527402,NuSVR,074590cfc1c41ebf-Soy
11,73.35482348287192,5380.953013412881,0.2934192939314877,0.2934192939314877,0.0,0.2934192939314877,NuSVR,074590cfc1c41ebf-Soy
12,60.5033103680741,3660.7172278794296,0.2420132414722964,0.2420132414722964,0.0,0.2420132414722964,NuSVR,074590cfc1c41ebf-Soy
13,323.755000175796,180580.01340223747,0.4713877488954653,0.61667619081104,-1.3878348879634705,0.4713877488954653,NuSVR,074590cfc1c41ebf-Soy
14,2117.211443590452,6789128.112521575,0.8478504449494132,0.9131815585898002,-1.9443159489863517,0.8478504449494132,NuSVR,074590cfc1c41ebf-Soy
15,2467.0609276526984,7451293.635707022,0.9066465076517618,0.9245122457008426,-4.457254965162591,0.9066465076517618,NuSVR,074590cfc1c41ebf-Soy
16,1547.8564980241856,2458461.236080436,0.8820660477755897,0.8844894274423918,-38.335379777286974,0.8820660477755897,NuSVR,074590cfc1c41ebf-Soy
1,0.0,0.0,0.0,0.0,1.0,0.0,OrthogonalMatchingPursuit,074590cfc1c41ebf-Soy
2,0.0,0.0,0.0,0.0,1.0,0.0,OrthogonalMatchingPursuit,074590cfc1c41ebf-Soy
3,0.0,0.0,0.0,0.0,1.0,0.0,OrthogonalMatchingPursuit,074590cfc1c41ebf-Soy
4,25.0,1250.0,0.125,0.14285714285714285,-1.0,0.125,OrthogonalMatchingPursuit,074590cfc1c41ebf-Soy
5,50.0,2500.0,0.25,0.25,0.0,0.25,OrthogonalMatchingPursuit,074590cfc1c41ebf-Soy
6,13.095238095238088,184.2403628117912,0.06547619047619044,0.06547619047619044,0.0,0.06547619047619044,OrthogonalMatchingPursuit,074590cfc1c41ebf-Soy
7,74.46428571428572,11089.859693877554,1.2410714285714286,0.5728021978021979,-1.263236672219909,1.2410714285714286,OrthogonalMatchingPursuit,074590cfc1c41ebf-Soy
8,90.5357142857143,11606.441326530616,1.3053571428571429,0.5841013824884794,-0.28603227994799063,1.3053571428571429,OrthogonalMatchingPursuit,074590cfc1c41ebf-Soy
9,98.83333333333334,9768.277777777781,0.39533333333333337,0.39533333333333337,0.0,0.39533333333333337,OrthogonalMatchingPursuit,074590cfc1c41ebf-Soy
10,57.81818181818183,3347.7024793388437,0.2312727272727273,0.2312727272727273,0.0,0.2312727272727273,OrthogonalMatchingPursuit,074590cfc1c41ebf-Soy
11,30.27272727272728,929.0082644628103,0.12109090909090911,0.12109090909090912,0.0,0.12109090909090911,OrthogonalMatchingPursuit,074590cfc1c41ebf-Soy
12,11.258741258741253,144.36402758081059,0.04503496503496501,0.04503496503496501,0.0,0.04503496503496501,OrthogonalMatchingPursuit,074590cfc1c41ebf-Soy
13,272.85714285714283,147648.02560077285,0.34424450549450547,0.5197278911564626,-0.9523705864565004,0.34424450549450547,OrthogonalMatchingPursuit,074590cfc1c41ebf-Soy
14,2056.763736263736,6522522.9791691825,0.804525896633989,0.8871096554943869,-1.8286943650066183,0.804525896633989,OrthogonalMatchingPursuit,074590cfc1c41ebf-Soy
15,2246.279761904762,6437624.965490364,0.8019527067277263,0.8417761895839467,-3.714853893077512,0.8019527067277263,OrthogonalMatchingPursuit,074590cfc1c41ebf-Soy
16,410.9448529411766,209254.50608239614,0.22297242647058832,0.2348256302521009,-2.3480720973183384,0.22297242647058832,OrthogonalMatchingPursuit,074590cfc1c41ebf-Soy
1,8.746790203424268,84.81384298747574,0.058311934689495123,0.058311934689495123,0.0,0.058311934689495123,PassiveAggressiveRegressor,074590cfc1c41ebf-Soy
2,8.418855073661433,78.58050039268313,0.05612570049107622,0.05612570049107622,0.0,0.05612570049107622,PassiveAggressiveRegressor,074590cfc1c41ebf-Soy
3,8.114920765640875,73.01534698306479,0.05409947177093917,0.05409947177093916,0.0,0.05409947177093917,PassiveAggressiveRegressor,074590cfc1c41ebf-Soy
4,22.120899582080312,490.0306992405044,0.12973405281759098,0.12640514046903037,0.2159508812151929,0.12973405281759098,PassiveAggressiveRegressor,074590cfc1c41ebf-Soy
5,18.416572405563485,347.45819119458645,0.09208286202781743,0.09208286202781743,0.0,0.09208286202781743,PassiveAggressiveRegressor,074590cfc1c41ebf-Soy
6,9.585189014647838,102.25096373677351,0.04792594507323919,0.04792594507323919,0.0,0.04792594507323919,PassiveAggressiveRegressor,074590cfc1c41ebf-Soy
7,79.46567859329298,11661.904785055714,1.2874345058004923,0.6112744507176383,-1.3799805683787172,1.2874345058004923,PassiveAggressiveRegressor,074590cfc1c41ebf-Soy
8,91.97070547610383,11394.316270785459,1.2935175864844406,0.5933593901684118,-0.2625281186465882,1.2935175864844406,PassiveAggressiveRegressor,074590cfc1c41ebf-Soy
9,59.866908468373296,3591.195197923568,0.23946763387349318,0.23946763387349318,0.0,0.23946763387349318,PassiveAggressiveRegressor,074590cfc1c41ebf-Soy
10,14.500272835450744,220.64305993536047,0.05800109134180298,0.05800109134180297,0.0,0.05800109134180298,PassiveAggressiveRegressor,074590cfc1c41ebf-Soy
11,17.7938915455926,329.3497075077181,0.0711755661823704,0.0711755661823704,0.0,0.0711755661823704,PassiveAggressiveRegressor,074590cfc1c41ebf-Soy
12,57.45656898163287,3307.51164053218,0.2298262759265315,0.2298262759265315,0.0,0.2298262759265315,PassiveAggressiveRegressor,074590cfc1c41ebf-Soy
13,271.5300134920375,136631.6503787724,0.36790953616305533,0.517200025699119,-0.8066995091407922,0.36790953616305533,PassiveAggressiveRegressor,074590cfc1c41ebf-Soy
14,2065.527701101746,6562776.492381583,0.8104716633762221,0.8908896705204857,-1.8461515493445324,0.8104716633762221,PassiveAggressiveRegressor,074590cfc1c41ebf-Soy
15,2400.4910137719094,7135334.8563522715,0.8750813176597455,0.8995656787603183,-4.225849829125859,0.8750813176597455,PassiveAggressiveRegressor,074590cfc1c41ebf-Soy
16,1503.1497353619066,2320501.134186362,0.8562484450197191,0.8589427059210895,-36.12801814698179,0.8562484450197191,PassiveAggressiveRegressor,074590cfc1c41ebf-Soy
1,2.842170943040401e-14,8.077935669463161e-28,1.8947806286936006e-16,1.8947806286936006e-16,0.0,1.8947806286936006e-16,PoissonRegressor,074590cfc1c41ebf-Soy
2,2.842170943040401e-14,8.077935669463161e-28,1.8947806286936006e-16,1.8947806286936006e-16,0.0,1.8947806286936006e-16,PoissonRegressor,074590cfc1c41ebf-Soy
3,2.842170943040401e-14,8.077935669463161e-28,1.8947806286936006e-16,1.8947806286936006e-16,0.0,1.8947806286936006e-16,PoissonRegressor,074590cfc1c41ebf-Soy
4,25.00000000000003,1250.0000000000014,0.12500000000000017,0.14285714285714302,-1.0000000000000022,0.12500000000000017,PoissonRegressor,074590cfc1c41ebf-Soy
5,50.00000000000003,2500.0000000000027,0.25000000000000017,0.25000000000000017,0.0,0.25000000000000017,PoissonRegressor,074590cfc1c41ebf-Soy
6,10.898874060423111,136.9400315749022,0.054494370302115555,0.054494370302115555,0.0,0.054494370302115555,PoissonRegressor,074590cfc1c41ebf-Soy
7,78.69212136742158,11919.13955847245,1.2939348635809045,0.6053240105186275,-1.4324774609127449,1.2939348635809045,PoissonRegressor,074590cfc1c41ebf-Soy
8,89.21180528593595,11981.922377185281,1.3235692326320856,0.5755600341028126,-0.32763682849698417,1.3235692326320856,PoissonRegressor,074590cfc1c41ebf-Soy
9,98.75286061309315,9752.360060738803,0.39501144245237263,0.3950114424523726,0.0,0.39501144245237263,PoissonRegressor,074590cfc1c41ebf-Soy
10,56.163889293405944,3160.8780062636433,0.2246555571736238,0.2246555571736238,0.0,0.2246555571736238,PoissonRegressor,074590cfc1c41ebf-Soy
11,25.248244025494202,658.6476032199544,0.1009929761019768,0.10099297610197681,0.0,0.1009929761019768,PoissonRegressor,074590cfc1c41ebf-Soy
12,5.776848085820916,44.374765821803294,0.023107392343283666,0.023107392343283663,0.0,0.023107392343283666,PoissonRegressor,074590cfc1c41ebf-Soy
13,268.66958015944306,141292.2331130517,0.3437898142223267,0.511751581256082,-0.8683270494287829,0.3437898142223267,PoissonRegressor,074590cfc1c41ebf-Soy
14,2045.5613692443017,6470510.849950661,0.7970547203311303,0.8822779250568478,-1.8061376921819612,0.7970547203311303,PoissonRegressor,074590cfc1c41ebf-Soy
15,2170.8158965317516,6137385.742034207,0.7641337554947517,0.8134966822303735,-3.494961606845364,0.7641337554947517,PoissonRegressor,074590cfc1c41ebf-Soy
16,997.4783788480174,1011779.8044967075,0.5710557898093371,0.56998764505601,-15.18847687194732,0.5710557898093371,PoissonRegressor,074590cfc1c41ebf-Soy
1,0.0,0.0,0.0,0.0,1.0,0.0,RandomForestRegressor,074590cfc1c41ebf-Soy
2,0.0,0.0,0.0,0.0,1.0,0.0,RandomForestRegressor,074590cfc1c41ebf-Soy
3,0.0,0.0,0.0,0.0,1.0,0.0,RandomForestRegressor,074590cfc1c41ebf-Soy
4,25.0,1250.0,0.125,0.14285714285714285,-1.0,0.125,RandomForestRegressor,074590cfc1c41ebf-Soy
5,50.0,2500.0,0.25,0.25,0.0,0.25,RandomForestRegressor,074590cfc1c41ebf-Soy
6,19.5,380.25,0.0975,0.0975,0.0,0.0975,RandomForestRegressor,074590cfc1c41ebf-Soy
7,70.0,9190.25,1.1404166666666666,0.5384615384615384,-0.8755612244897959,1.1404166666666666,RandomForestRegressor,074590cfc1c41ebf-Soy
8,95.0,10831.25,1.2508333333333332,0.6129032258064516,-0.20013850415512469,1.2508333333333332,RandomForestRegressor,074590cfc1c41ebf-Soy
9,145.2,21083.039999999997,0.5808,0.5808,0.0,0.5808,RandomForestRegressor,074590cfc1c41ebf-Soy
10,43.5,1892.25,0.174,0.174,0.0,0.174,RandomForestRegressor,074590cfc1c41ebf-Soy
11,17.19999999999999,295.83999999999963,0.06879999999999996,0.06879999999999996,0.0,0.06879999999999996,RandomForestRegressor,074590cfc1c41ebf-Soy
12,3.8000000000000114,14.440000000000087,0.015200000000000045,0.015200000000000045,0.0,0.015200000000000045,RandomForestRegressor,074590cfc1c41ebf-Soy
13,276.9,152298.61,0.34873750000000003,0.5274285714285714,-1.0138659173553717,0.34873750000000003,RandomForestRegressor,074590cfc1c41ebf-Soy
14,2068.5,6584534.5,0.8111724654678134,0.892171662712961,-1.8555875841029454,0.8111724654678134,RandomForestRegressor,074590cfc1c41ebf-Soy
15,2072.0,5658576.25,0.7234366692728695,0.7764661795015927,-3.1442861932166375,0.7234366692728695,RandomForestRegressor,074590cfc1c41ebf-Soy
16,1203.6399999999999,1511249.2495999997,0.7229566666666666,0.6877942857142857,-23.179987993599998,0.7229566666666666,RandomForestRegressor,074590cfc1c41ebf-Soy
1,0.0,0.0,0.0,0.0,1.0,0.0,Ridge,074590cfc1c41ebf-Soy
2,0.0,0.0,0.0,0.0,1.0,0.0,Ridge,074590cfc1c41ebf-Soy
3,0.0,0.0,0.0,0.0,1.0,0.0,Ridge,074590cfc1c41ebf-Soy
4,25.0,1250.0,0.125,0.14285714285714285,-1.0,0.125,Ridge,074590cfc1c41ebf-Soy
5,50.0,2500.0,0.25,0.25,0.0,0.25,Ridge,074590cfc1c41ebf-Soy
6,14.63963963963964,225.7324892460027,0.0731981981981982,0.0731981981981982,0.0,0.0731981981981982,Ridge,074590cfc1c41ebf-Soy
7,74.31034482758619,10862.54094979252,1.2313218390804597,0.5716180371352784,-1.2168450917943918,1.2313218390804597,Ridge,074590cfc1c41ebf-Soy
8,90.63953488372093,11505.081293942672,1.2998546511627906,0.5847711927981996,-0.2748012514063902,1.2998546511627906,Ridge,074590cfc1c41ebf-Soy
9,98.74316939890713,9750.4553734062,0.3949726775956285,0.3949726775956285,0.0,0.3949726775956285,Ridge,074590cfc1c41ebf-Soy
10,58.13173652694613,3383.9457850765557,0.23252694610778452,0.23252694610778452,0.0,0.23252694610778452,Ridge,074590cfc1c41ebf-Soy
11,30.687960687960697,954.0957083954632,0.12275184275184278,0.12275184275184278,0.0,0.12275184275184278,Ridge,074590cfc1c41ebf-Soy
12,11.666666666666657,153.47222222222192,0.04666666666666663,0.04666666666666663,0.0,0.04666666666666663,Ridge,074590cfc1c41ebf-Soy
13,273.2219419924338,147860.39486426793,0.3451686633039092,0.5204227466522549,-0.9551787750646998,0.3451686633039092,Ridge,074590cfc1c41ebf-Soy
14,2057.077680525164,6523873.91105775,0.8047533153522451,0.8872450638452292,-1.8292802385149072,0.8047533153522451,Ridge,074590cfc1c41ebf-Soy
15,2246.9614472123367,6440593.328271059,0.8022769067248379,0.842031645948037,-3.717027893098895,0.8022769067248379,Ridge,074590cfc1c41ebf-Soy
16,413.53427419354875,211447.26509251466,0.22447093413978514,0.2363052995391707,-2.3831562414802345,0.22447093413978514,Ridge,074590cfc1c41ebf-Soy
1,0.0,0.0,0.0,0.0,1.0,0.0,RidgeCV,074590cfc1c41ebf-Soy
2,0.0,0.0,0.0,0.0,1.0,0.0,RidgeCV,074590cfc1c41ebf-Soy
3,0.0,0.0,0.0,0.0,1.0,0.0,RidgeCV,074590cfc1c41ebf-Soy
4,25.0,1250.0,0.125,0.14285714285714285,-1.0,0.125,RidgeCV,074590cfc1c41ebf-Soy
5,50.0,2500.0,0.25,0.25,0.0,0.25,RidgeCV,074590cfc1c41ebf-Soy
6,23.48484848484847,556.7033976124878,0.11742424242424235,0.11742424242424235,0.0,0.11742424242424235,RidgeCV,074590cfc1c41ebf-Soy
7,74.31034482758625,10862.540949792558,1.2313218390804614,0.5716180371352788,-1.2168450917943994,1.2313218390804614,RidgeCV,074590cfc1c41ebf-Soy
8,90.63953488372098,11505.081293942636,1.2998546511627886,0.5847711927981999,-0.2748012514063862,1.2998546511627886,RidgeCV,074590cfc1c41ebf-Soy
9,98.04761904761902,9613.519274376413,0.3921904761904761,0.3921904761904761,0.0,0.3921904761904761,RidgeCV,074590cfc1c41ebf-Soy
10,60.648648648648646,3682.0452885317745,0.2425945945945946,0.2425945945945946,0.0,0.2425945945945946,RidgeCV,074590cfc1c41ebf-Soy
11,34.11363636363656,1174.3026859504264,0.13645454545454622,0.13645454545454624,0.0,0.13645454545454622,RidgeCV,074590cfc1c41ebf-Soy
12,15.098039215686043,243.3294886582015,0.06039215686274417,0.06039215686274417,0.0,0.06039215686274417,RidgeCV,074590cfc1c41ebf-Soy
13,276.33413461538487,149683.03930519614,0.3530528846153852,0.5263507326007331,-0.979279858581106,0.3530528846153852,RidgeCV,074590cfc1c41ebf-Soy
14,2059.7842105263153,6535528.572908585,0.8067139040917379,0.8884124263645957,-1.8343346440584063,0.8067139040917379,RidgeCV,074590cfc1c41ebf-Soy
15,2252.8850574712646,6466426.639846744,0.8050940929066353,0.8442514736635806,-3.735947959164661,0.8050940929066353,RidgeCV,074590cfc1c41ebf-Soy
16,436.1732142856972,231191.1500159286,0.23757217261903774,0.2492418367346841,-2.6990584002548577,0.23757217261903774,RidgeCV,074590cfc1c41ebf-Soy
1,0.0,0.0,0.0,0.0,1.0,0.0,SVR,074590cfc1c41ebf-Soy
2,0.0,0.0,0.0,0.0,1.0,0.0,SVR,074590cfc1c41ebf-Soy
3,0.0,0.0,0.0,0.0,1.0,0.0,SVR,074590cfc1c41ebf-Soy
4,25.0,1250.0,0.125,0.14285714285714285,-1.0,0.125,SVR,074590cfc1c41ebf-Soy
5,50.0,2500.0,0.25,0.25,0.0,0.25,SVR,074590cfc1c41ebf-Soy
6,49.40190424393754,2440.566891911948,0.2470095212196877,0.2470095212196877,0.0,0.2470095212196877,SVR,074590cfc1c41ebf-Soy
7,69.7096143586519,5324.190073209034,0.880944163160661,0.5362278027588608,-0.08656940269572133,0.880944163160661,SVR,074590cfc1c41ebf-Soy
8,95.3663344186323,9100.881908784031,0.969753414771564,0.6152666736685956,-0.008407967732302568,0.969753414771564,SVR,074590cfc1c41ebf-Soy
9,99.35391589770505,9871.209781340538,0.3974156635908202,0.3974156635908202,0.0,0.3974156635908202,SVR,074590cfc1c41ebf-Soy
10,97.75060928313783,9555.204272319668,0.39100243713255134,0.39100243713255134,0.0,0.39100243713255134,SVR,074590cfc1c41ebf-Soy
11,96.09290202713679,9233.903573306678,0.38437160810854715,0.38437160810854715,0.0,0.38437160810854715,SVR,074590cfc1c41ebf-Soy
12,72.6119167719153,5272.590734755853,0.29044766708766123,0.29044766708766123,0.0,0.29044766708766123,SVR,074590cfc1c41ebf-Soy
13,324.34840606832415,181018.46209125698,0.47281093492466786,0.6178064877491889,-1.3936325565786047,0.47281093492466786,SVR,074590cfc1c41ebf-Soy
14,2116.1279572601893,6784989.126093782,0.8469591537018846,0.9127142364719385,-1.9425209491645758,0.8469591537018846,SVR,074590cfc1c41ebf-Soy
15,2464.297576728797,7437199.529302789,0.9054058814622337,0.9234767010413331,-4.44693257875368,0.9054058814622337,SVR,074590cfc1c41ebf-Soy
16,1544.0104728126466,2446683.5435376526,0.8798036060655801,0.8822916987500838,-38.14693669660244,0.8798036060655801,SVR,074590cfc1c41ebf-Soy
1,8.641063515509643,82.96442075452418,0.057607090103397623,0.05760709010339762,0.0,0.057607090103397623,TheilSenRegressor,074590cfc1c41ebf-Soy
2,2.842170943040401e-14,8.077935669463161e-28,1.8947806286936006e-16,1.8947806286936006e-16,0.0,1.8947806286936006e-16,TheilSenRegressor,074590cfc1c41ebf-Soy
3,5.684341886080802e-14,3.2311742677852644e-27,3.789561257387201e-16,3.789561257387201e-16,0.0,3.789561257387201e-16,TheilSenRegressor,074590cfc1c41ebf-Soy
4,25.00000000000003,1250.0000000000014,0.12500000000000017,0.14285714285714302,-1.0000000000000022,0.12500000000000017,TheilSenRegressor,074590cfc1c41ebf-Soy
5,50.00000000000006,2500.000000000006,0.2500000000000003,0.2500000000000003,0.0,0.2500000000000003,TheilSenRegressor,074590cfc1c41ebf-Soy
6,49.99991772231678,2499.991772238529,0.2499995886115839,0.2499995886115839,0.0,0.2499995886115839,TheilSenRegressor,074590cfc1c41ebf-Soy
7,70.0001763582449,5300.142724966927,0.8750191226836186,0.5384628950634223,-0.08166178060549534,0.8750191226836186,TheilSenRegressor,074590cfc1c41ebf-Soy
8,90.89205013025165,12212.744684188952,1.3373312001604067,0.5864003234209784,-0.3532127073893576,1.3373312001604067,TheilSenRegressor,074590cfc1c41ebf-Soy
9,99.99935807683825,9999.87161577996,0.39999743230735296,0.399997432307353,0.0,0.39999743230735296,TheilSenRegressor,074590cfc1c41ebf-Soy
10,12.500654393786022,173.62739674177203,0.050002617575144084,0.050002617575144084,0.0,0.050002617575144084,TheilSenRegressor,074590cfc1c41ebf-Soy
11,14.99190002348351,249.75624897089403,0.05996760009393404,0.05996760009393404,0.0,0.05996760009393404,TheilSenRegressor,074590cfc1c41ebf-Soy
12,15.000060532521928,250.00176550335536,0.060000242130087714,0.060000242130087714,0.0,0.060000242130087714,TheilSenRegressor,074590cfc1c41ebf-Soy
13,270.0691570210148,134934.74678594054,0.3665664847817822,0.5144174419447901,-0.7842611145248337,0.3665664847817822,TheilSenRegressor,074590cfc1c41ebf-Soy
14,2054.782992637837,6514188.5030755205,0.8030609526995982,0.8862553343272966,-1.8250798609816088,0.8030609526995982,TheilSenRegressor,074590cfc1c41ebf-Soy
15,2383.489949802063,7058126.831956367,0.8668418140884524,0.8931946598471288,-4.1693034232151,0.8668418140884524,TheilSenRegressor,074590cfc1c41ebf-Soy
16,1433.7246615055906,2115193.1341057913,0.8159905650865203,0.8192712351460517,-32.84309014569266,0.8159905650865203,TheilSenRegressor,074590cfc1c41ebf-Soy
1,0.0,0.0,0.0,0.0,1.0,0.0,TransformedTargetRegressor,074590cfc1c41ebf-Soy
2,0.0,0.0,0.0,0.0,1.0,0.0,TransformedTargetRegressor,074590cfc1c41ebf-Soy
3,0.0,0.0,0.0,0.0,1.0,0.0,TransformedTargetRegressor,074590cfc1c41ebf-Soy
4,25.0,1250.0,0.125,0.14285714285714285,-1.0,0.125,TransformedTargetRegressor,074590cfc1c41ebf-Soy
5,50.0,2500.0,0.25,0.25,0.0,0.25,TransformedTargetRegressor,074590cfc1c41ebf-Soy
6,13.095238095238088,184.2403628117912,0.06547619047619044,0.06547619047619044,0.0,0.06547619047619044,TransformedTargetRegressor,074590cfc1c41ebf-Soy
7,74.4642857142857,11089.859693877544,1.2410714285714282,0.5728021978021977,-1.2632366722199069,1.2410714285714282,TransformedTargetRegressor,074590cfc1c41ebf-Soy
8,90.5357142857143,11606.441326530616,1.3053571428571429,0.5841013824884794,-0.28603227994799063,1.3053571428571429,TransformedTargetRegressor,074590cfc1c41ebf-Soy
9,98.83333333333334,9768.277777777781,0.39533333333333337,0.39533333333333337,0.0,0.39533333333333337,TransformedTargetRegressor,074590cfc1c41ebf-Soy
10,57.81818181818183,3347.7024793388437,0.2312727272727273,0.2312727272727273,0.0,0.2312727272727273,TransformedTargetRegressor,074590cfc1c41ebf-Soy
11,30.272727272727252,929.0082644628086,0.121090909090909,0.12109090909090901,0.0,0.121090909090909,TransformedTargetRegressor,074590cfc1c41ebf-Soy
12,11.258741258741253,144.36402758081059,0.04503496503496501,0.04503496503496501,0.0,0.04503496503496501,TransformedTargetRegressor,074590cfc1c41ebf-Soy
13,272.85714285714283,147648.02560077285,0.34424450549450547,0.5197278911564626,-0.9523705864565004,0.34424450549450547,TransformedTargetRegressor,074590cfc1c41ebf-Soy
14,2056.763736263736,6522522.9791691825,0.804525896633989,0.8871096554943869,-1.8286943650066183,0.804525896633989,TransformedTargetRegressor,074590cfc1c41ebf-Soy
15,2246.279761904762,6437624.965490364,0.8019527067277263,0.8417761895839467,-3.714853893077512,0.8019527067277263,TransformedTargetRegressor,074590cfc1c41ebf-Soy
16,410.9448529411766,209254.5060823963,0.2229724264705883,0.2348256302521009,-2.348072097318341,0.2229724264705883,TransformedTargetRegressor,074590cfc1c41ebf-Soy
1,0.0,0.0,0.0,0.0,1.0,0.0,TweedieRegressor,074590cfc1c41ebf-Soy
2,0.0,0.0,0.0,0.0,1.0,0.0,TweedieRegressor,074590cfc1c41ebf-Soy
3,0.0,0.0,0.0,0.0,1.0,0.0,TweedieRegressor,074590cfc1c41ebf-Soy
4,25.0,1250.0,0.125,0.14285714285714285,-1.0,0.125,TweedieRegressor,074590cfc1c41ebf-Soy
5,50.0,2500.0,0.25,0.25,0.0,0.25,TweedieRegressor,074590cfc1c41ebf-Soy
6,20.390070921985924,422.828328554906,0.10195035460992963,0.10195035460992961,0.0,0.10195035460992963,TweedieRegressor,074590cfc1c41ebf-Soy
7,73.57142857142857,9825.51020408164,1.18452380952381,0.5659340659340659,-1.0052061640982939,1.18452380952381,TweedieRegressor,074590cfc1c41ebf-Soy
8,91.24999999999999,10953.124999999995,1.2674999999999996,0.5887096774193548,-0.21364265927977777,1.2674999999999996,TweedieRegressor,074590cfc1c41ebf-Soy
9,98.11594202898534,9626.927116152037,0.3924637681159414,0.39246376811594136,0.0,0.3924637681159414,TweedieRegressor,074590cfc1c41ebf-Soy
10,60.64864864864859,3682.0452885317677,0.24259459459459437,0.24259459459459434,0.0,0.24259459459459437,TweedieRegressor,074590cfc1c41ebf-Soy
11,34.46280991735537,1198.0739020558706,0.13785123966942148,0.13785123966942148,0.0,0.13785123966942148,TweedieRegressor,074590cfc1c41ebf-Soy
12,15.806451612903004,264.8283038501493,0.06322580645161202,0.06322580645161202,0.0,0.06322580645161202,TweedieRegressor,074590cfc1c41ebf-Soy
13,277.30769230769215,150257.1952662721,0.3555192307692303,0.5282051282051279,-0.9868720035209533,0.3555192307692303,TweedieRegressor,074590cfc1c41ebf-Soy
14,2060.922360248447,6540433.9830446355,0.8075383706700208,0.8889033255330805,-1.8364620272894365,0.8075383706700208,TweedieRegressor,074590cfc1c41ebf-Soy
15,2256.0197740113,6480125.868891443,0.8065849202457783,0.8454261847522203,-3.745981141237211,0.8065849202457783,TweedieRegressor,074590cfc1c41ebf-Soy
16,450.62991578157494,244337.07230506628,0.2459383193179912,0.25750280901804284,-2.9093931568810603,0.2459383193179912,TweedieRegressor,074590cfc1c41ebf-Soy
4,25.0,1250.0,0.125,0.14285714285714285,-1.0,0.125,AutoReg,074590cfc1c41ebf-Soy
5,49.99999999999996,2499.999999999996,0.24999999999999978,0.24999999999999978,0.0,0.24999999999999978,AutoReg,074590cfc1c41ebf-Soy
6,20.440494058917338,468.3592282790676,0.10220247029458668,0.10220247029458669,0.0,0.10220247029458668,AutoReg,074590cfc1c41ebf-Soy
7,70.00000000000011,9800.00000000002,1.166666666666668,0.5384615384615393,-1.000000000000004,1.166666666666668,AutoReg,074590cfc1c41ebf-Soy
8,94.99999999999991,11050.00000000001,1.2666666666666675,0.6129032258064511,-0.22437673130194002,1.2666666666666675,AutoReg,074590cfc1c41ebf-Soy
9,85.46666666666675,7360.302222222235,0.341866666666667,0.34186666666666704,0.0,0.341866666666667,AutoReg,074590cfc1c41ebf-Soy
10,96.60424361341957,11300.248808729313,0.3864169744536783,0.3864169744536783,0.0,0.3864169744536783,AutoReg,074590cfc1c41ebf-Soy
11,78.86639630353008,6243.252054924867,0.3154655852141203,0.3154655852141203,0.0,0.3154655852141203,AutoReg,074590cfc1c41ebf-Soy
12,62.54036922725193,3920.4293647868726,0.2501614769090077,0.2501614769090077,0.0,0.2501614769090077,AutoReg,074590cfc1c41ebf-Soy
13,326.286951710926,184924.10953542055,0.4713536609030251,0.6214989556398591,-1.4452774814601064,0.4713536609030251,AutoReg,074590cfc1c41ebf-Soy
14,2111.8275864760813,6782710.531207975,0.841125701006637,0.9108594291464659,-1.9415327658290478,0.841125701006637,AutoReg,074590cfc1c41ebf-Soy
15,1688.5153593780615,4371043.320041025,0.5325686766152409,0.6327582384778195,-2.2013096017214284,0.5325686766152409,AutoReg,074590cfc1c41ebf-Soy
16,61125.872559573494,5565940958.437304,32.09230420554448,34.929070034042,-89054.05533499685,32.09230420554448,AutoReg,074590cfc1c41ebf-Soy
3,0.0,0.0,0.0,0.0,1.0,0.0,ARIMA,074590cfc1c41ebf-Soy
4,25.0,1250.0,0.125,0.14285714285714285,-1.0,0.125,ARIMA,074590cfc1c41ebf-Soy
5,50.0,2500.0,0.25,0.25,0.0,0.25,ARIMA,074590cfc1c41ebf-Soy
6,0.0,0.0,0.0,0.0,1.0,0.0,ARIMA,074590cfc1c41ebf-Soy
7,70.0,9800.0,1.1666666666666667,0.5384615384615384,-1.0,1.1666666666666667,ARIMA,074590cfc1c41ebf-Soy
8,95.0,11050.0,1.2666666666666668,0.6129032258064516,-0.22437673130193914,1.2666666666666668,ARIMA,074590cfc1c41ebf-Soy
9,189.99597842919098,36098.4718192657,0.759983913716764,0.7599839137167639,0.0,0.759983913716764,ARIMA,074590cfc1c41ebf-Soy
10,97.17038522580224,10391.13560848149,0.38868154090320894,0.38868154090320894,0.0,0.38868154090320894,ARIMA,074590cfc1c41ebf-Soy
11,65.86743780401413,4341.953161314557,0.26346975121605654,0.26346975121605654,0.0,0.26346975121605654,ARIMA,074590cfc1c41ebf-Soy
12,34.99601948939285,1224.7414630365465,0.1399840779575714,0.1399840779575714,0.0,0.1399840779575714,ARIMA,074590cfc1c41ebf-Soy
13,292.38764612579143,161048.880750822,0.3895592449547231,0.5569288497634123,-1.1295719768703734,0.3895592449547231,ARIMA,074590cfc1c41ebf-Soy
14,2077.4857097630584,6621324.034899802,0.8180352242956352,0.896047319285339,-1.8715425068214455,0.8180352242956352,ARIMA,074590cfc1c41ebf-Soy
15,2062.922196904956,5646606.5939882295,0.7170170691906539,0.7730643421041619,-3.1355197336063902,0.7170170691906539,ARIMA,074590cfc1c41ebf-Soy
16,8450.159003968945,74905996.52446972,4.773339003649426,4.8286622879822545,-1197.4959443915154,4.773339003649426,ARIMA,074590cfc1c41ebf-Soy
3,0.0,0.0,0.0,0.0,1.0,0.0,SARIMAX,074590cfc1c41ebf-Soy
4,25.0,1250.0,0.125,0.14285714285714285,-1.0,0.125,SARIMAX,074590cfc1c41ebf-Soy
5,50.0,2500.0,0.25,0.25,0.0,0.25,SARIMAX,074590cfc1c41ebf-Soy
6,0.0,0.0,0.0,0.0,1.0,0.0,SARIMAX,074590cfc1c41ebf-Soy
7,70.0,9800.0,1.1666666666666667,0.5384615384615384,-1.0,1.1666666666666667,SARIMAX,074590cfc1c41ebf-Soy
8,95.0,11050.0,1.2666666666666668,0.6129032258064516,-0.22437673130193914,1.2666666666666668,SARIMAX,074590cfc1c41ebf-Soy
9,189.99597842919098,36098.4718192657,0.759983913716764,0.7599839137167639,0.0,0.759983913716764,SARIMAX,074590cfc1c41ebf-Soy
10,97.17038522580224,10391.13560848149,0.38868154090320894,0.38868154090320894,0.0,0.38868154090320894,SARIMAX,074590cfc1c41ebf-Soy
11,65.86743780401413,4341.953161314557,0.26346975121605654,0.26346975121605654,0.0,0.26346975121605654,SARIMAX,074590cfc1c41ebf-Soy
12,34.99601948939285,1224.7414630365465,0.1399840779575714,0.1399840779575714,0.0,0.1399840779575714,SARIMAX,074590cfc1c41ebf-Soy
13,292.38764612579143,161048.880750822,0.3895592449547231,0.5569288497634123,-1.1295719768703734,0.3895592449547231,SARIMAX,074590cfc1c41ebf-Soy
14,2077.4857097630584,6621324.034899802,0.8180352242956352,0.896047319285339,-1.8715425068214455,0.8180352242956352,SARIMAX,074590cfc1c41ebf-Soy
15,2062.922196904956,5646606.5939882295,0.7170170691906539,0.7730643421041619,-3.1355197336063902,0.7170170691906539,SARIMAX,074590cfc1c41ebf-Soy
16,8450.159003968945,74905996.52446972,4.773339003649426,4.8286622879822545,-1197.4959443915154,4.773339003649426,SARIMAX,074590cfc1c41ebf-Soy
4,175.0,31250.0,1.0,1.0,-49.0,1.0,AutoArima,074590cfc1c41ebf-Soy
5,200.0,40000.0,1.0,1.0,0.0,1.0,AutoArima,074590cfc1c41ebf-Soy
6,8.73853735690065,76.72665239873244,0.04369268678450325,0.04369268678450325,0.0,0.04369268678450325,AutoArima,074590cfc1c41ebf-Soy
7,67.28669144756155,5872.99924895966,0.9429120264540027,0.5175899342120119,-0.19857127529788965,0.9429120264540027,AutoArima,074590cfc1c41ebf-Soy
8,98.03106283496547,10720.621901198287,1.2240437966564734,0.632458469903003,-0.1878805430690622,1.2240437966564734,AutoArima,074590cfc1c41ebf-Soy
9,93.33333333333337,8711.111111111119,0.37333333333333346,0.37333333333333346,0.0,0.37333333333333346,AutoArima,074590cfc1c41ebf-Soy
10,97.31337536964669,10835.202751286073,0.3892535014785868,0.3892535014785868,0.0,0.3892535014785868,AutoArima,074590cfc1c41ebf-Soy
11,69.38376904674388,4814.119579918776,0.27753507618697554,0.27753507618697554,0.0,0.27753507618697554,AutoArima,074590cfc1c41ebf-Soy
12,39.834998801578664,1587.028604670229,0.15933999520631464,0.15933999520631464,0.0,0.15933999520631464,AutoArima,074590cfc1c41ebf-Soy
13,339.6153846153845,190963.60946745556,0.5133653846153845,0.6468864468864467,-1.5251386375861893,0.5133653846153845,AutoArima,074590cfc1c41ebf-Soy
14,2128.5,6836354.5,0.8564910737555382,0.9180504636618503,-1.9647971364910153,0.8564910737555382,AutoArima,074590cfc1c41ebf-Soy
15,2437.8333333333335,7308423.611111112,0.8930529059160803,0.9135594278933235,-4.35261834913089,0.8930529059160803,AutoArima,074590cfc1c41ebf-Soy
16,3057.1129317793752,9708126.004568974,1.8334674891554197,1.7469216753025,-154.33001607310356,1.8334674891554197,AutoArima,074590cfc1c41ebf-Soy
